code,kind,price,comment,score,city,foundation,area,room,capacity,double_bed,single_bed,iranian_bed,toilet,bath,water,water_cooler,refrigerator,closet,cooking,oven,furniture,dining_table,restaurant,green_space,lobby,elavator
85754,inn,۱۶۰۰۰۰ ,۲۷,۴.۷,اردبیل- اردبیل,۰ متر زیربنا,۰ متر کل بنا,۰ اتاق,ظرفیت ۲ نفر,تخت دو نفره ندارد,تخت یک نفره ندارد,رخت‌خواب سنتی ندارد,سرویس بهداشتی (ایرانی، فرنگی) ندارد,حمام ندارد,True,True,False,False,False,False,False,False,False,False,False,False
85779,inn,۲۰۰۰۰۰ ,۲۲,۴.۸,اردبیل- اردبیل,۰ متر زیربنا,۰ متر کل بنا,۰ اتاق,ظرفیت ۳ نفر,تخت دو نفره ندارد,تخت یک نفره ندارد,رخت‌خواب سنتی ندارد,سرویس بهداشتی (ایرانی، فرنگی) ندارد,حمام ندارد,True,True,False,False,False,False,False,False,False,False,False,False
85775,inn,۲۵۰۰۰۰ ,۲۱,۴.۸,اردبیل- اردبیل,۰ متر زیربنا,۰ متر کل بنا,۰ اتاق,ظرفیت ۴ نفر,تخت دو نفره ندارد,تخت یک نفره ندارد,رخت‌خواب سنتی ندارد,سرویس بهداشتی (ایرانی، فرنگی) ندارد,حمام ندارد,True,True,False,False,False,False,False,False,False,False,False,False
331103,ecotourism,۱۱۰۰۰۰ ,جدید,,اردبیل- نمین,۱۲۰ متر زیربنا,۱۰۰۰ متر کل بنا,۰ اتاق,ظرفیت ۸ نفر,۲ تخت دو نفره,۱ تخت یک نفره,۳ رخت‌خواب سنتی,۲ سرویس بهداشتی (ایرانی، فرنگی),۱ حمام,True,False,False,False,False,False,False,False,False,False,False,False
331102,ecotourism,۲۴۰۰۰۰ ,جدید,,اردبیل- نمین,۱۲۰ متر زیربنا,۱۰۰۰ متر کل بنا,۱ اتاق,ظرفیت ۲ نفر,۳ تخت دو نفره,تخت یک نفره ندارد,۹ رخت‌خواب سنتی,۲ سرویس بهداشتی (ایرانی، فرنگی),۱ حمام,True,False,False,False,False,False,False,False,False,False,False,False
329206,ecotourism,۲۲۵۰۰۰ ,۱,۳,اردبیل- خلخال,۰ متر زیربنا,۰ متر کل بنا,۰ اتاق,ظرفیت تا ۵ نفر (۳ نفر پایه + تا ۲ نفر اضافه),۱ تخت دو نفره,۱ تخت یک نفره,۲ رخت‌خواب سنتی,۱ سرویس بهداشتی (ایرانی، فرنگی),۱ حمام,True,False,False,False,False,False,True,False,False,False,False,False
93549,complex,۴۸۰۰۰۰ ,۸,۳,اردبیل- سرعین,۰ متر زیربنا,۰ متر کل بنا,۰ اتاق,ظرفیت ۹ نفر,تخت دو نفره ندارد,تخت یک نفره ندارد,رخت‌خواب سنتی ندارد,سرویس بهداشتی (ایرانی، فرنگی) ندارد,حمام ندارد,True,False,False,False,False,False,False,False,False,False,False,False
108984,apartment,۶۰۰۰۰۰ ,جدید,,اردبیل- سرعین,۷۵ متر زیربنا,۷۵ متر کل بنا,۲ اتاق,ظرفیت تا ۶ نفر (۵ نفر پایه + تا ۱ نفر اضافه),۱ تخت دو نفره,تخت یک نفره ندارد,۴ رخت‌خواب سنتی,۲ سرویس بهداشتی (ایرانی، فرنگی),۱ حمام,True,False,False,False,False,False,True,False,False,False,False,False
329207,ecotourism,۲۴۰۰۰۰ ,جدید,,اردبیل- خلخال,۰ متر زیربنا,۰ متر کل بنا,۰ اتاق,ظرفیت تا ۵ نفر (۳ نفر پایه + تا ۲ نفر اضافه),۱ تخت دو نفره,۱ تخت یک نفره,۲ رخت‌خواب سنتی,۱ سرویس بهداشتی (ایرانی، فرنگی),۱ حمام,True,False,False,False,False,False,True,False,False,False,False,False
88391,ecotourism,۳۴۰۰۰۰ ,۴,۳.۷,اردبیل- خلخال,۶۰ متر زیربنا,۳۰۰۰ متر کل بنا,۱ اتاق,ظرفیت تا ۱۳ نفر (۳ نفر پایه + تا ۱۰ نفر اضافه),۱ تخت دو نفره,تخت یک نفره ندارد,۱۰ رخت‌خواب سنتی,۱ سرویس بهداشتی (ایرانی، فرنگی),۱ حمام,True,False,False,False,False,False,True,False,False,False,False,False
88376,ecotourism,۲۴۰۰۰۰ ,۵,۳.۹,اردبیل- خلخال,۲۵ متر زیربنا,۳۰۰۰ متر کل بنا,۰ اتاق,ظرفیت تا ۵ نفر (۳ نفر پایه + تا ۲ نفر اضافه),۱ تخت دو نفره,۱ تخت یک نفره,۲ رخت‌خواب سنتی,۱ سرویس بهداشتی (ایرانی، فرنگی),۱ حمام,True,False,False,False,False,False,True,False,False,False,False,False
332256,apartment,۲۰۰۰۰۰ ,جدید,,اردبیل- سرعین,۸۵ متر زیربنا,۱۴۰ متر کل بنا,۲ اتاق,ظرفیت تا ۸ نفر (۴ نفر پایه + تا ۴ نفر اضافه),۱ تخت دو نفره,۸ تخت یک نفره,۱ رخت‌خواب سنتی,۲ سرویس بهداشتی (ایرانی، فرنگی),۱ حمام,True,False,False,False,False,False,False,False,False,False,False,False
93564,complex,۲۸۰۰۰۰ ,۷,۳,اردبیل- سرعین,۰ متر زیربنا,۰ متر کل بنا,۰ اتاق,ظرفیت ۲ نفر,تخت دو نفره ندارد,تخت یک نفره ندارد,رخت‌خواب سنتی ندارد,سرویس بهداشتی (ایرانی، فرنگی) ندارد,حمام ندارد,True,False,False,False,False,False,False,False,False,False,False,False
93545,complex,۳۰۰۰۰۰ ,۷,۳,اردبیل- سرعین,۰ متر زیربنا,۰ متر کل بنا,۰ اتاق,ظرفیت ۶ نفر,تخت دو نفره ندارد,تخت یک نفره ندارد,رخت‌خواب سنتی ندارد,سرویس بهداشتی (ایرانی، فرنگی) ندارد,حمام ندارد,True,False,False,False,False,False,False,False,False,False,False,False
331660,suite,۳۰۰۰۰۰ ,جدید,,اردبیل- مشگین شهر,۱۰۰ متر زیربنا,۱۲۰ متر کل بنا,۱ اتاق,ظرفیت تا ۱۰ نفر (۷ نفر پایه + تا ۳ نفر اضافه),تخت دو نفره ندارد,تخت یک نفره ندارد,۷ رخت‌خواب سنتی,۱ سرویس بهداشتی (ایرانی، فرنگی),۱ حمام,True,False,False,False,False,False,True,False,False,False,False,False
93552,complex,۲۸۰۰۰۰ ,۹,۳.۳,اردبیل- سرعین,۰ متر زیربنا,۰ متر کل بنا,۰ اتاق,ظرفیت ۵ نفر,تخت دو نفره ندارد,تخت یک نفره ندارد,رخت‌خواب سنتی ندارد,سرویس بهداشتی (ایرانی، فرنگی) ندارد,حمام ندارد,True,False,False,False,False,False,False,False,False,False,False,False
87617,complex,۱۶۰۰۰۰ ,جدید,,اردبیل- سرعین,۷۵ متر زیربنا,۱۴۰ متر کل بنا,۲ اتاق,ظرفیت تا ۱۰ نفر (۸ نفر پایه + تا ۲ نفر اضافه),۲ تخت دو نفره,۴ تخت یک نفره,۲ رخت‌خواب سنتی,۱ سرویس بهداشتی (ایرانی، فرنگی),۱ حمام,True,False,False,False,False,False,False,False,False,False,False,False
329208,ecotourism,۲۲۵۰۰۰ ,جدید,,اردبیل- خلخال,۰ متر زیربنا,۰ متر کل بنا,۰ اتاق,ظرفیت تا ۵ نفر (۳ نفر پایه + تا ۲ نفر اضافه),۱ تخت دو نفره,۱ تخت یک نفره,۲ رخت‌خواب سنتی,۱ سرویس بهداشتی (ایرانی، فرنگی),۱ حمام,True,False,False,False,False,False,True,False,False,False,False,False
333602,apartment,۲۰۰۰۰۰ ,جدید,,اردبیل- اردبیل,۱۱۰ متر زیربنا,۲۰۰ متر کل بنا,۱ اتاق,ظرفیت ۴ نفر,تخت دو نفره ندارد,تخت یک نفره ندارد,۷ رخت‌خواب سنتی,۱ سرویس بهداشتی (ایرانی، فرنگی),۱ حمام,True,False,False,False,False,False,False,False,False,False,False,False
93554,complex,۲۷۰۰۰۰ ,۸,۳.۲,اردبیل- سرعین,۰ متر زیربنا,۰ متر کل بنا,۰ اتاق,ظرفیت ۴ نفر,تخت دو نفره ندارد,تخت یک نفره ندارد,رخت‌خواب سنتی ندارد,سرویس بهداشتی (ایرانی، فرنگی) ندارد,حمام ندارد,True,False,False,False,False,False,False,False,False,False,False,False
88395,ecotourism,۲۴۰۰۰۰ ,۷,۳.۹,اردبیل- خلخال,۲۵ متر زیربنا,۳۰۰۰ متر کل بنا,۰ اتاق,ظرفیت تا ۵ نفر (۳ نفر پایه + تا ۲ نفر اضافه),۱ تخت دو نفره,۱ تخت یک نفره,۲ رخت‌خواب سنتی,۱ سرویس بهداشتی (ایرانی، فرنگی),۱ حمام,True,False,False,False,False,False,True,False,False,False,False,False
105371,villa,۱۵۰۰۰۰ ,۴,۴.۷,اردبیل- مشگین شهر,۸۰ متر زیربنا,۴۰۰ متر کل بنا,۱ اتاق,ظرفیت تا ۸ نفر (۶ نفر پایه + تا ۲ نفر اضافه),تخت دو نفره ندارد,۱ تخت یک نفره,۷ رخت‌خواب سنتی,۲ سرویس بهداشتی (ایرانی، فرنگی),۱ حمام,True,False,False,False,False,False,True,False,False,False,False,False
87632,complex,۱۹۰۰۰۰ ,۱,۵,اردبیل- سرعین,۶۵ متر زیربنا,۱۴۰ متر کل بنا,۱ اتاق,ظرفیت تا ۸ نفر (۶ نفر پایه + تا ۲ نفر اضافه),۱ تخت دو نفره,۴ تخت یک نفره,۲ رخت‌خواب سنتی,۱ سرویس بهداشتی (ایرانی، فرنگی),۱ حمام,True,False,False,False,False,False,False,False,False,False,False,False
109072,suite,۳۵۰۰۰۰ ,۱۰,۴.۲,آذربایجان شرقی- تبریز,۷۵ متر زیربنا,۳۲۰ متر کل بنا,۰ اتاق,ظرفیت تا ۵ نفر (۳ نفر پایه + تا ۲ نفر اضافه),۱ تخت دو نفره,۲ تخت یک نفره,۲ رخت‌خواب سنتی,۴ سرویس بهداشتی (ایرانی، فرنگی),۱ حمام,True,False,False,False,False,False,False,False,False,False,False,False
103709,cottage,۱۰۰۰۰۰۰ ,جدید,,آذربایجان شرقی- اسکو,۶۰ متر زیربنا,۶۰ متر کل بنا,۲ اتاق,ظرفیت تا ۸ نفر (۲ نفر پایه + تا ۶ نفر اضافه),۱ تخت دو نفره,۲ تخت یک نفره,۴ رخت‌خواب سنتی,۲ سرویس بهداشتی (ایرانی، فرنگی),۱ حمام,True,False,False,False,False,False,False,False,False,False,False,False
106114,suite,۵۰۰۰۰۰ ,جدید,,آذربایجان شرقی- تبریز,۱۲۰ متر زیربنا,۳۶۰ متر کل بنا,۲ اتاق,ظرفیت تا ۶ نفر (۴ نفر پایه + تا ۲ نفر اضافه),۱ تخت دو نفره,۳ تخت یک نفره,۲ رخت‌خواب سنتی,۴ سرویس بهداشتی (ایرانی، فرنگی),۱ حمام,True,False,False,False,False,False,False,False,False,False,False,False
333706,traditional,۳۵۰۰۰ ,جدید,,آذربایجان شرقی- اسکو,۵۰ متر زیربنا,۵۰ متر کل بنا,۰ اتاق,ظرفیت تا ۸ نفر (۵ نفر پایه + تا ۳ نفر اضافه),۲ تخت دو نفره,تخت یک نفره ندارد,۴ رخت‌خواب سنتی,۱ سرویس بهداشتی (ایرانی، فرنگی),۱ حمام,True,False,False,False,False,False,True,False,False,False,False,False
333700,traditional,۲۵۰۰۰۰ ,جدید,,آذربایجان شرقی- اسکو,۳۰ متر زیربنا,۳۰ متر کل بنا,۰ اتاق,ظرفیت تا ۶ نفر (۳ نفر پایه + تا ۳ نفر اضافه),۱ تخت دو نفره,تخت یک نفره ندارد,۴ رخت‌خواب سنتی,۱ سرویس بهداشتی (ایرانی، فرنگی),۱ حمام,True,False,False,False,False,False,True,False,False,False,False,False
104503,suite,۴۰۰۰۰۰ ,۱,۴,آذربایجان غربی- ارومیه,۱۲۰ متر زیربنا,۲۴۰ متر کل بنا,۲ اتاق,ظرفیت تا ۷ نفر (۴ نفر پایه + تا ۳ نفر اضافه),۱ تخت دو نفره,۲ تخت یک نفره,۳ رخت‌خواب سنتی,۲ سرویس بهداشتی (ایرانی، فرنگی),۱ حمام,True,True,False,False,False,False,False,False,False,False,False,False
326620,traditional,۶۹۰۰۰۰ ,جدید,,اصفهان- اصفهان,۳۰ متر زیربنا,۵۰۰ متر کل بنا,۰ اتاق,ظرفیت تا ۴ نفر (۳ نفر پایه + تا ۱ نفر اضافه),۱ تخت دو نفره,۱ تخت یک نفره,۱ رخت‌خواب سنتی,۱ سرویس بهداشتی (ایرانی، فرنگی),۱ حمام,True,False,False,False,False,False,False,False,False,False,False,False
92866,ecotourism,۲۸۰۰۰۰ ,جدید,,اصفهان- اصفهان,۵۰ متر زیربنا,۴۰۰ متر کل بنا,۱ اتاق,ظرفیت تا ۸ نفر (۴ نفر پایه + تا ۴ نفر اضافه),۱ تخت دو نفره,تخت یک نفره ندارد,۶ رخت‌خواب سنتی,۱ سرویس بهداشتی (ایرانی، فرنگی),۱ حمام,True,False,False,False,False,False,True,False,False,False,False,False
92879,ecotourism,۲۱۰۰۰۰ ,جدید,,اصفهان- اصفهان,۴۰ متر زیربنا,۴۰۰ متر کل بنا,۰ اتاق,ظرفیت تا ۵ نفر (۳ نفر پایه + تا ۲ نفر اضافه),۱ تخت دو نفره,تخت یک نفره ندارد,۳ رخت‌خواب سنتی,۱ سرویس بهداشتی (ایرانی، فرنگی),۱ حمام,True,False,False,False,False,False,False,False,False,False,False,False
326626,traditional,۲۸۵۰۰۰ ,جدید,,اصفهان- اصفهان,۲۵ متر زیربنا,۵۰۰ متر کل بنا,۰ اتاق,ظرفیت ۱ نفر,۱ تخت دو نفره,تخت یک نفره ندارد,رخت‌خواب سنتی ندارد,۱ سرویس بهداشتی (ایرانی، فرنگی),۱ حمام,True,False,False,False,False,False,False,False,False,False,False,False
326623,traditional,۲۵۰۰۰۰ ,۱,۵,اصفهان- اصفهان,۱۴ متر زیربنا,۵۰۰ متر کل بنا,۰ اتاق,ظرفیت تا ۲ نفر (۱ نفر پایه + تا ۱ نفر اضافه),۱ تخت دو نفره,تخت یک نفره ندارد,رخت‌خواب سنتی ندارد,سرویس بهداشتی (ایرانی، فرنگی) ندارد,حمام ندارد,True,False,False,False,False,False,False,False,False,False,False,False
326621,traditional,۸۱۲۰۰۰ ,جدید,,اصفهان- اصفهان,۳۵ متر زیربنا,۵۰۰ متر کل بنا,۰ اتاق,ظرفیت تا ۴ نفر (۳ نفر پایه + تا ۱ نفر اضافه),۱ تخت دو نفره,۱ تخت یک نفره,۱ رخت‌خواب سنتی,۱ سرویس بهداشتی (ایرانی، فرنگی),۱ حمام,True,False,False,False,False,False,False,False,False,False,False,False
326624,traditional,۴۸۰۰۰۰ ,جدید,,اصفهان- اصفهان,۲۵ متر زیربنا,۵۰۰ متر کل بنا,۰ اتاق,ظرفیت تا ۳ نفر (۲ نفر پایه + تا ۱ نفر اضافه),تخت دو نفره ندارد,۲ تخت یک نفره,۱ رخت‌خواب سنتی,۱ سرویس بهداشتی (ایرانی، فرنگی),۱ حمام,True,False,False,False,False,False,False,False,False,False,False,False
326622,traditional,۴۸۰۰۰۰ ,جدید,,اصفهان- اصفهان,۲۵ متر زیربنا,۵۰۰ متر کل بنا,۰ اتاق,ظرفیت تا ۳ نفر (۲ نفر پایه + تا ۱ نفر اضافه),۱ تخت دو نفره,تخت یک نفره ندارد,۱ رخت‌خواب سنتی,۱ سرویس بهداشتی (ایرانی، فرنگی),۱ حمام,True,False,False,False,False,False,False,False,False,False,False,False
92878,ecotourism,۲۰۰۰۰۰ ,جدید,,اصفهان- اصفهان,۵۰ متر زیربنا,۴۰۰ متر کل بنا,۰ اتاق,ظرفیت تا ۴ نفر (۲ نفر پایه + تا ۲ نفر اضافه),۱ تخت دو نفره,تخت یک نفره ندارد,۳ رخت‌خواب سنتی,۱ سرویس بهداشتی (ایرانی، فرنگی),۱ حمام,True,False,False,False,False,False,False,False,False,False,False,False
326627,traditional,۳۶۵۰۰۰ ,۱,۳,اصفهان- اصفهان,۱۴ متر زیربنا,۵۰۰ متر کل بنا,۰ اتاق,ظرفیت ۲ نفر,تخت دو نفره ندارد,۲ تخت یک نفره,رخت‌خواب سنتی ندارد,سرویس بهداشتی (ایرانی، فرنگی) ندارد,حمام ندارد,True,False,False,False,False,False,False,False,False,False,False,False
339392,hostel,۲۲۹۰۰۰ ,۱,۵,اصفهان- اصفهان,۲۵ متر زیربنا,۱۰۰۰ متر کل بنا,۰ اتاق,ظرفیت تا ۳ نفر (۲ نفر پایه + تا ۱ نفر اضافه),۱ تخت دو نفره,تخت یک نفره ندارد,۱ رخت‌خواب سنتی,۱ سرویس بهداشتی (ایرانی، فرنگی),۱ حمام,True,False,False,False,False,False,True,False,False,False,False,False
336540,hostel,۷۹۰۰۰ ,جدید,,اصفهان- اصفهان,۱۵ متر زیربنا,۱۰۰۰ متر کل بنا,۰ اتاق,ظرفیت ۴ نفر,تخت دو نفره ندارد,۴ تخت یک نفره,رخت‌خواب سنتی ندارد,۱ سرویس بهداشتی (ایرانی، فرنگی),۱ حمام,True,False,False,False,False,False,True,False,False,False,False,False
336535,hostel,۲۴۹۰۰۰ ,جدید,,اصفهان- اصفهان,۲۵ متر زیربنا,۱۰۰۰ متر کل بنا,۰ اتاق,ظرفیت ۳ نفر,تخت دو نفره ندارد,۳ تخت یک نفره,رخت‌خواب سنتی ندارد,۱ سرویس بهداشتی (ایرانی، فرنگی),۱ حمام,True,False,False,False,False,False,True,False,False,False,False,False
339396,hostel,۱۹۹۰۰۰ ,جدید,,اصفهان- اصفهان,۱۲ متر زیربنا,۱۰۰۰ متر کل بنا,۰ اتاق,ظرفیت ۲ نفر,۱ تخت دو نفره,تخت یک نفره ندارد,رخت‌خواب سنتی ندارد,سرویس بهداشتی (ایرانی، فرنگی) ندارد,حمام ندارد,True,False,False,False,False,False,True,False,False,False,False,False
336538,hostel,۸۹۰۰۰ ,جدید,,اصفهان- اصفهان,۸ متر زیربنا,۱۰۰۰ متر کل بنا,۰ اتاق,ظرفیت ۴ نفر,تخت دو نفره ندارد,۴ تخت یک نفره,رخت‌خواب سنتی ندارد,۱ سرویس بهداشتی (ایرانی، فرنگی),۱ حمام,True,False,False,False,False,False,True,False,False,False,False,False
339394,hostel,۲۱۹۰۰۰ ,جدید,,اصفهان- اصفهان,۱۵ متر زیربنا,۱۰۰۰ متر کل بنا,۰ اتاق,ظرفیت ۲ نفر,۱ تخت دو نفره,تخت یک نفره ندارد,رخت‌خواب سنتی ندارد,۱ سرویس بهداشتی (ایرانی، فرنگی),۱ حمام,True,False,False,False,False,False,True,False,False,False,False,False
339391,hostel,۲۲۹۰۰۰ ,جدید,,اصفهان- اصفهان,۲۵ متر زیربنا,۱۰۰۰ متر کل بنا,۰ اتاق,ظرفیت تا ۳ نفر (۲ نفر پایه + تا ۱ نفر اضافه),۱ تخت دو نفره,تخت یک نفره ندارد,۱ رخت‌خواب سنتی,۱ سرویس بهداشتی (ایرانی، فرنگی),۱ حمام,True,False,False,False,False,False,True,False,False,False,False,False
336536,hostel,۱۹۹۰۰۰ ,۲,۵,اصفهان- اصفهان,۱۲ متر زیربنا,۱۰۰۰ متر کل بنا,۰ اتاق,ظرفیت ۲ نفر,۱ تخت دو نفره,تخت یک نفره ندارد,رخت‌خواب سنتی ندارد,۱ سرویس بهداشتی (ایرانی، فرنگی),۱ حمام,True,False,False,False,False,False,True,False,False,False,False,False
336496,hostel,۲۲۹۰۰۰ ,جدید,,اصفهان- اصفهان,۲۵ متر زیربنا,۱۰۰۰ متر کل بنا,۰ اتاق,ظرفیت تا ۳ نفر (۲ نفر پایه + تا ۱ نفر اضافه),۱ تخت دو نفره,تخت یک نفره ندارد,۱ رخت‌خواب سنتی,۱ سرویس بهداشتی (ایرانی، فرنگی),۱ حمام,True,False,False,False,False,False,True,False,False,False,False,False
336531,hostel,۱۸۹۰۰۰ ,۳,۵,اصفهان- اصفهان,۱۵ متر زیربنا,۱۰۰۰ متر کل بنا,۰ اتاق,ظرفیت ۲ نفر,۱ تخت دو نفره,تخت یک نفره ندارد,رخت‌خواب سنتی ندارد,۱ سرویس بهداشتی (ایرانی، فرنگی),۱ حمام,True,False,False,False,False,False,True,False,False,False,False,False
336532,hostel,۲۰۹۰۰۰ ,۱,۵,اصفهان- اصفهان,۱۵ متر زیربنا,۱۰۰۰ متر کل بنا,۰ اتاق,ظرفیت ۲ نفر,۱ تخت دو نفره,تخت یک نفره ندارد,رخت‌خواب سنتی ندارد,۱ سرویس بهداشتی (ایرانی، فرنگی),۱ حمام,True,False,False,False,False,False,True,False,False,False,False,False
339395,hostel,۲۱۹۰۰۰ ,۱,۵,اصفهان- اصفهان,۱۵ متر زیربنا,۱۰۰۰ متر کل بنا,۰ اتاق,ظرفیت ۳ نفر,تخت دو نفره ندارد,۳ تخت یک نفره,رخت‌خواب سنتی ندارد,۱ سرویس بهداشتی (ایرانی، فرنگی),۱ حمام,True,False,False,False,False,False,True,False,False,False,False,False
337091,apartment,۴۵۰۰۰۰ ,جدید,,اصفهان- اصفهان,۱۰۰ متر زیربنا,۱۳۰ متر کل بنا,۲ اتاق,ظرفیت تا ۵ نفر (۴ نفر پایه + تا ۱ نفر اضافه),۲ تخت دو نفره,تخت یک نفره ندارد,۱ رخت‌خواب سنتی,۲ سرویس بهداشتی (ایرانی، فرنگی),۱ حمام,True,True,False,False,False,False,False,False,False,False,False,False
326116,traditional,۶۰۰۰۰۰ ,جدید,,اصفهان- اصفهان,۴۵۰ متر زیربنا,۶۰۰ متر کل بنا,۰ اتاق,ظرفیت ۲ نفر,تخت دو نفره ندارد,۲ تخت یک نفره,رخت‌خواب سنتی ندارد,۱ سرویس بهداشتی (ایرانی، فرنگی),۱ حمام,True,False,False,False,False,False,True,False,False,False,False,False
85590,traditional,۱۳۵۶۰۰۰ ,۶,۴.۱,اصفهان- اصفهان,۱۵ متر زیربنا,۱۲۵۰ متر کل بنا,۰ اتاق,ظرفیت ۳ نفر,تخت دو نفره ندارد,۳ تخت یک نفره,رخت‌خواب سنتی ندارد,۱ سرویس بهداشتی (ایرانی، فرنگی),۱ حمام,True,False,False,False,False,False,True,False,False,False,False,False
336533,hostel,۷۰۰۰۰ ,۲,۵,اصفهان- اصفهان,۱۵ متر زیربنا,۱۰۰۰ متر کل بنا,۰ اتاق,ظرفیت ۸ نفر,تخت دو نفره ندارد,۸ تخت یک نفره,رخت‌خواب سنتی ندارد,۱ سرویس بهداشتی (ایرانی، فرنگی),۱ حمام,True,False,False,False,False,False,True,False,False,False,False,False
336534,hostel,۱۹۹۰۰۰ ,۱,۴,اصفهان- اصفهان,۱۲ متر زیربنا,۱۰۰۰ متر کل بنا,۰ اتاق,ظرفیت تا ۳ نفر (۲ نفر پایه + تا ۱ نفر اضافه),۱ تخت دو نفره,تخت یک نفره ندارد,رخت‌خواب سنتی ندارد,۱ سرویس بهداشتی (ایرانی، فرنگی),۱ حمام,True,False,False,False,False,False,True,False,False,False,False,False
334630,apartment,۱۶۰۰۰۰۰ ,جدید,,اصفهان- اصفهان,۱۰۰ متر زیربنا,۱۲۰ متر کل بنا,۱ اتاق,ظرفیت تا ۶ نفر (۲ نفر پایه + تا ۴ نفر اضافه),۱ تخت دو نفره,تخت یک نفره ندارد,۲ رخت‌خواب سنتی,۱ سرویس بهداشتی (ایرانی، فرنگی),۱ حمام,True,True,False,False,False,False,False,False,False,False,False,False
328101,traditional,۷۴۱۰۰۰ ,جدید,,اصفهان- اصفهان,۵۰ متر زیربنا,۱۵۰۰ متر کل بنا,۰ اتاق,ظرفیت ۲ نفر,۱ تخت دو نفره,تخت یک نفره ندارد,۱ رخت‌خواب سنتی,۱ سرویس بهداشتی (ایرانی، فرنگی),۱ حمام,True,False,False,False,False,False,False,False,False,False,False,False
93372,ecotourism,۱۷۰۰۰۰ ,۱,۴,اصفهان- اصفهان,۱۲ متر زیربنا,۴۵۰ متر کل بنا,۰ اتاق,ظرفیت ۲ نفر,تخت دو نفره ندارد,۲ تخت یک نفره,رخت‌خواب سنتی ندارد,۱ سرویس بهداشتی (ایرانی، فرنگی),۱ حمام,True,True,False,False,False,False,False,False,False,False,False,False
328106,traditional,۱۰۰۰۰۰۰ ,جدید,,اصفهان- اصفهان,۵۰ متر زیربنا,۱۵۰۰ متر کل بنا,۰ اتاق,ظرفیت ۴ نفر,۱ تخت دو نفره,۲ تخت یک نفره,۲ رخت‌خواب سنتی,۱ سرویس بهداشتی (ایرانی، فرنگی),۱ حمام,True,False,False,False,False,False,True,False,False,False,False,False
328100,traditional,۴۹۳۰۰۰ ,جدید,,اصفهان- اصفهان,۲۰ متر زیربنا,۱۵۰۰ متر کل بنا,۰ اتاق,ظرفیت ۲ نفر,تخت دو نفره ندارد,۲ تخت یک نفره,رخت‌خواب سنتی ندارد,۱ سرویس بهداشتی (ایرانی، فرنگی),۱ حمام,False,False,True,False,False,False,True,False,False,False,False,False
339397,hostel,۱۷۹۰۰۰ ,جدید,,اصفهان- اصفهان,۱۲ متر زیربنا,۱۰۰۰ متر کل بنا,۰ اتاق,ظرفیت ۲ نفر,۱ تخت دو نفره,تخت یک نفره ندارد,رخت‌خواب سنتی ندارد,سرویس بهداشتی (ایرانی، فرنگی) ندارد,حمام ندارد,True,False,False,False,False,False,True,False,False,False,False,False
102444,apartment,۹۵۰۰۰۰ ,جدید,,اصفهان- اصفهان,۱۴۰ متر زیربنا,۲۰۰ متر کل بنا,۲ اتاق,ظرفیت تا ۸ نفر (۴ نفر پایه + تا ۴ نفر اضافه),۱ تخت دو نفره,۲ تخت یک نفره,۴ رخت‌خواب سنتی,۲ سرویس بهداشتی (ایرانی، فرنگی),۱ حمام,True,True,False,False,False,False,False,False,False,False,False,False
339393,hostel,۲۰۹۰۰۰ ,جدید,,اصفهان- اصفهان,۱۲ متر زیربنا,۱۰۰۰ متر کل بنا,۰ اتاق,ظرفیت ۳ نفر,تخت دو نفره ندارد,۳ تخت یک نفره,رخت‌خواب سنتی ندارد,۱ سرویس بهداشتی (ایرانی، فرنگی),۱ حمام,True,False,False,False,False,False,True,False,False,False,False,False
85207,ecotourism,۳۰۰۰۰۰ ,جدید,,اصفهان- اصفهان,۵۰ متر زیربنا,۲۰۰ متر کل بنا,۱ اتاق,ظرفیت تا ۸ نفر (۵ نفر پایه + تا ۳ نفر اضافه),تخت دو نفره ندارد,تخت یک نفره ندارد,۸ رخت‌خواب سنتی,۱ سرویس بهداشتی (ایرانی، فرنگی),۱ حمام,True,True,False,False,False,False,False,False,False,False,False,False
84094,inn,۱۵۰۰۰۰ ,۲۵,۴.۳,اصفهان- اصفهان,۰ متر زیربنا,۰ متر کل بنا,۰ اتاق,ظرفیت ۲ نفر,تخت دو نفره ندارد,۲ تخت یک نفره,رخت‌خواب سنتی ندارد,۱ سرویس بهداشتی (ایرانی، فرنگی),۱ حمام,True,False,False,False,False,False,False,False,False,False,False,False
326625,traditional,۶۹۰۰۰۰ ,جدید,,اصفهان- اصفهان,۵۰۰ متر زیربنا,۵۰۰ متر کل بنا,۰ اتاق,ظرفیت تا ۴ نفر (۳ نفر پایه + تا ۱ نفر اضافه),تخت دو نفره ندارد,۳ تخت یک نفره,۱ رخت‌خواب سنتی,۱ سرویس بهداشتی (ایرانی، فرنگی),۱ حمام,True,False,False,False,False,False,False,False,False,False,False,False
87352,inn,۳۵۰۰۰۰ ,۲,۱.۴,اصفهان- اصفهان,۰ متر زیربنا,۰ متر کل بنا,۰ اتاق,ظرفیت ۶ نفر,۱ تخت دو نفره,۴ تخت یک نفره,رخت‌خواب سنتی ندارد,۱ سرویس بهداشتی (ایرانی، فرنگی),۱ حمام,True,True,False,False,False,False,False,False,False,False,False,False
87353,inn,۱۹۵۰۰۰ ,۲,۱.۴,اصفهان- اصفهان,۰ متر زیربنا,۰ متر کل بنا,۰ اتاق,ظرفیت ۳ نفر,۱ تخت دو نفره,۱ تخت یک نفره,رخت‌خواب سنتی ندارد,۱ سرویس بهداشتی (ایرانی، فرنگی),۱ حمام,True,True,False,False,False,False,False,False,False,False,False,False
84096,inn,۲۷۰۰۰۰ ,۲۲,۴.۵,اصفهان- اصفهان,۰ متر زیربنا,۰ متر کل بنا,۰ اتاق,ظرفیت ۶ نفر,۱ تخت دو نفره,۴ تخت یک نفره,رخت‌خواب سنتی ندارد,۱ سرویس بهداشتی (ایرانی، فرنگی),۱ حمام,True,False,False,False,False,False,False,False,False,False,False,False
87350,inn,۱۵۰۰۰۰ ,۲,۱.۴,اصفهان- اصفهان,۰ متر زیربنا,۰ متر کل بنا,۰ اتاق,ظرفیت ۳ نفر,۱ تخت دو نفره,۱ تخت یک نفره,رخت‌خواب سنتی ندارد,۲ سرویس بهداشتی (ایرانی، فرنگی),۱ حمام,True,True,False,False,False,False,False,False,False,False,False,False
91487,traditional,۱۱۶۹۰۰۰ ,۴,۴.۱,اصفهان- اصفهان,۰ متر زیربنا,۰ متر کل بنا,۰ اتاق,ظرفیت ۴ نفر,۱ تخت دو نفره,۲ تخت یک نفره,رخت‌خواب سنتی ندارد,۲ سرویس بهداشتی (ایرانی، فرنگی),۱ حمام,True,False,False,False,False,False,False,False,False,False,False,False
91477,traditional,۶۵۸۰۰۰ ,۴,۴.۱,اصفهان- اصفهان,۰ متر زیربنا,۰ متر کل بنا,۰ اتاق,ظرفیت ۲ نفر,تخت دو نفره ندارد,۲ تخت یک نفره,رخت‌خواب سنتی ندارد,۲ سرویس بهداشتی (ایرانی، فرنگی),۱ حمام,True,False,False,False,False,False,False,False,False,False,False,False
91475,traditional,۸۳۸۰۰۰ ,۴,۴.۱,اصفهان- اصفهان,۰ متر زیربنا,۰ متر کل بنا,۰ اتاق,ظرفیت ۳ نفر,۱ تخت دو نفره,۱ تخت یک نفره,رخت‌خواب سنتی ندارد,۲ سرویس بهداشتی (ایرانی، فرنگی),۱ حمام,True,False,False,False,False,False,False,False,False,False,False,False
327997,traditional,۲۴۰۰۰۰ ,۱,۲,اصفهان- اصفهان,۱۸ متر زیربنا,۱۵۰۰ متر کل بنا,۰ اتاق,ظرفیت ۲ نفر,۱ تخت دو نفره,تخت یک نفره ندارد,رخت‌خواب سنتی ندارد,۱ سرویس بهداشتی (ایرانی، فرنگی),۱ حمام,True,False,False,False,False,False,False,False,False,False,False,False
328008,traditional,۳۰۰۰۰۰ ,جدید,,اصفهان- اصفهان,۲۰ متر زیربنا,۱۵۰۰ متر کل بنا,۰ اتاق,ظرفیت ۳ نفر,تخت دو نفره ندارد,۳ تخت یک نفره,رخت‌خواب سنتی ندارد,۱ سرویس بهداشتی (ایرانی، فرنگی),۱ حمام,True,False,False,False,False,False,False,False,False,False,False,False
328009,traditional,۳۵۰۰۰۰ ,جدید,,اصفهان- اصفهان,۲۰ متر زیربنا,۱۵۰۰ متر کل بنا,۰ اتاق,ظرفیت ۳ نفر,۱ تخت دو نفره,۱ تخت یک نفره,رخت‌خواب سنتی ندارد,۱ سرویس بهداشتی (ایرانی، فرنگی),۱ حمام,True,False,False,False,False,False,False,False,False,False,False,False
91488,traditional,۸۳۸۰۰۰ ,۴,۴.۱,اصفهان- اصفهان,۰ متر زیربنا,۰ متر کل بنا,۱ اتاق,ظرفیت ۳ نفر,تخت دو نفره ندارد,۳ تخت یک نفره,رخت‌خواب سنتی ندارد,۲ سرویس بهداشتی (ایرانی، فرنگی),حمام ندارد,True,False,False,False,False,False,False,False,False,False,False,False
91471,traditional,۸۳۸۰۰۰ ,۴,۴.۱,اصفهان- اصفهان,۰ متر زیربنا,۰ متر کل بنا,۰ اتاق,ظرفیت ۳ نفر,۱ تخت دو نفره,۱ تخت یک نفره,رخت‌خواب سنتی ندارد,۲ سرویس بهداشتی (ایرانی، فرنگی),حمام ندارد,True,False,False,False,False,False,False,False,False,False,False,False
327995,traditional,۲۴۰۰۰۰ ,جدید,,اصفهان- اصفهان,۱۴ متر زیربنا,۱۵۰۰ متر کل بنا,۰ اتاق,ظرفیت ۲ نفر,تخت دو نفره ندارد,۲ تخت یک نفره,رخت‌خواب سنتی ندارد,سرویس بهداشتی (ایرانی، فرنگی) ندارد,حمام ندارد,True,False,False,False,False,False,False,False,False,False,False,False
328007,traditional,۳۲۰۰۰۰ ,جدید,,اصفهان- اصفهان,۲۰ متر زیربنا,۱۵۰۰ متر کل بنا,۰ اتاق,ظرفیت ۶ نفر,تخت دو نفره ندارد,۶ تخت یک نفره,رخت‌خواب سنتی ندارد,۱ سرویس بهداشتی (ایرانی، فرنگی),۱ حمام,True,False,False,False,False,False,False,False,False,False,False,False
85749,inn,۱۱۰۰۰۰ ,۲,۴.۵,اصفهان- اصفهان,۰ متر زیربنا,۰ متر کل بنا,۰ اتاق,ظرفیت ۸ نفر,تخت دو نفره ندارد,۸ تخت یک نفره,رخت‌خواب سنتی ندارد,سرویس بهداشتی (ایرانی، فرنگی) ندارد,حمام ندارد,True,False,False,False,False,False,False,False,False,False,False,False
336539,hostel,۷۰۰۰۰ ,جدید,,اصفهان- اصفهان,۲۰ متر زیربنا,۱۰۰۰ متر کل بنا,۰ اتاق,ظرفیت ۱۰ نفر,تخت دو نفره ندارد,۱۰ تخت یک نفره,رخت‌خواب سنتی ندارد,۱ سرویس بهداشتی (ایرانی، فرنگی),۱ حمام,True,False,False,False,False,False,True,False,False,False,False,False
338243,hostel,۷۰۰۰۰ ,۱,۵,اصفهان- اصفهان,۷۰ متر زیربنا,۱۰۰۰ متر کل بنا,۰ اتاق,ظرفیت ۱۲ نفر,تخت دو نفره ندارد,۱۲ تخت یک نفره,رخت‌خواب سنتی ندارد,۱ سرویس بهداشتی (ایرانی، فرنگی),۱ حمام,True,False,False,False,False,False,True,False,False,False,False,False
336537,hostel,۲۰۹۰۰۰ ,جدید,,اصفهان- اصفهان,۱۲ متر زیربنا,۱۰۰۰ متر کل بنا,۰ اتاق,ظرفیت ۳ نفر,تخت دو نفره ندارد,۳ تخت یک نفره,رخت‌خواب سنتی ندارد,۱ سرویس بهداشتی (ایرانی، فرنگی),۱ حمام,True,False,False,False,False,False,True,False,False,False,False,False
336546,traditional,۲۹۵۰۰۰ ,جدید,,اصفهان- اصفهان,۶ متر زیربنا,۱۲۵۰ متر کل بنا,۰ اتاق,ظرفیت تا ۲ نفر (۱ نفر پایه + تا ۱ نفر اضافه),تخت دو نفره ندارد,۱ تخت یک نفره,۱ رخت‌خواب سنتی,سرویس بهداشتی (ایرانی، فرنگی) ندارد,حمام ندارد,True,False,True,False,False,False,False,False,False,False,False,False
338211,traditional,۴۰۰۰۰۰ ,جدید,,اصفهان- اصفهان,۲۰ متر زیربنا,۳۴۰ متر کل بنا,۰ اتاق,ظرفیت تا ۳ نفر (۲ نفر پایه + تا ۱ نفر اضافه),۱ تخت دو نفره,۱ تخت یک نفره,رخت‌خواب سنتی ندارد,۱ سرویس بهداشتی (ایرانی، فرنگی),۱ حمام,True,False,False,False,False,False,False,False,False,False,False,False
326118,traditional,۱۳۰۰۰۰۰ ,جدید,,اصفهان- اصفهان,۴۵۰ متر زیربنا,۶۰۰ متر کل بنا,۰ اتاق,ظرفیت ۴ نفر,۱ تخت دو نفره,۲ تخت یک نفره,رخت‌خواب سنتی ندارد,۱ سرویس بهداشتی (ایرانی، فرنگی),۱ حمام,True,False,False,False,False,False,True,False,False,False,False,False
108987,apartment,۲۸۰۰۰۰ ,۶,۳.۹,اصفهان- اصفهان,۷۰ متر زیربنا,۱۳۰ متر کل بنا,۱ اتاق,ظرفیت تا ۴ نفر (۲ نفر پایه + تا ۲ نفر اضافه),تخت دو نفره ندارد,۲ تخت یک نفره,۶ رخت‌خواب سنتی,۴ سرویس بهداشتی (ایرانی، فرنگی),۱ حمام,True,False,False,False,False,False,False,False,False,False,False,False
108987,apartment,۲۸۰۰۰۰ ,۶,۳.۹,اصفهان- اصفهان,۷۰ متر زیربنا,۱۳۰ متر کل بنا,۱ اتاق,ظرفیت تا ۴ نفر (۲ نفر پایه + تا ۲ نفر اضافه),تخت دو نفره ندارد,۲ تخت یک نفره,۶ رخت‌خواب سنتی,۴ سرویس بهداشتی (ایرانی، فرنگی),۱ حمام,True,False,False,False,False,False,False,False,False,False,False,False
105497,apartment,۲۸۰۰۰۰ ,۶,۴,اصفهان- اصفهان,۸۰ متر زیربنا,۱۵۰ متر کل بنا,۱ اتاق,ظرفیت تا ۱۰ نفر (۲ نفر پایه + تا ۸ نفر اضافه),تخت دو نفره ندارد,۲ تخت یک نفره,۴ رخت‌خواب سنتی,۲ سرویس بهداشتی (ایرانی، فرنگی),۱ حمام,True,True,False,False,False,False,False,False,False,False,False,False
104500,apartment,۷۳۰۰۰۰ ,۱,۳,اصفهان- اصفهان,۸۵ متر زیربنا,۸۵ متر کل بنا,۲ اتاق,ظرفیت ۲ نفر,۲ تخت دو نفره,تخت یک نفره ندارد,رخت‌خواب سنتی ندارد,۲ سرویس بهداشتی (ایرانی، فرنگی),۱ حمام,True,True,False,False,False,False,False,False,False,False,False,False
85743,inn,۳۹۹۰۰۰ ,۱,۴,اصفهان- اصفهان,۰ متر زیربنا,۰ متر کل بنا,۰ اتاق,ظرفیت ۳ نفر,۱ تخت دو نفره,۱ تخت یک نفره,رخت‌خواب سنتی ندارد,۱ سرویس بهداشتی (ایرانی، فرنگی),۱ حمام,True,False,False,False,False,False,False,False,False,False,False,False
92591,complex,۲۸۰۰۰۰ ,۱,۴,اصفهان- اصفهان,۱۲۰ متر زیربنا,۲۵۰ متر کل بنا,۲ اتاق,ظرفیت تا ۸ نفر (۴ نفر پایه + تا ۴ نفر اضافه),۲ تخت دو نفره,تخت یک نفره ندارد,رخت‌خواب سنتی ندارد,۲ سرویس بهداشتی (ایرانی، فرنگی),۱ حمام,True,False,False,False,False,False,False,False,False,False,False,False
338211,traditional,۴۰۰۰۰۰ ,جدید,,اصفهان- اصفهان,۲۰ متر زیربنا,۳۴۰ متر کل بنا,۰ اتاق,ظرفیت تا ۳ نفر (۲ نفر پایه + تا ۱ نفر اضافه),۱ تخت دو نفره,۱ تخت یک نفره,رخت‌خواب سنتی ندارد,۱ سرویس بهداشتی (ایرانی، فرنگی),۱ حمام,True,False,False,False,False,False,False,False,False,False,False,False
102432,apartment,۹۵۰۰۰۰ ,جدید,,اصفهان- اصفهان,۱۴۰ متر زیربنا,۲۰۰ متر کل بنا,۲ اتاق,ظرفیت تا ۸ نفر (۴ نفر پایه + تا ۴ نفر اضافه),۲ تخت دو نفره,تخت یک نفره ندارد,۴ رخت‌خواب سنتی,۲ سرویس بهداشتی (ایرانی، فرنگی),۱ حمام,True,True,False,False,False,False,False,False,False,False,False,False
339106,ecotourism,۴۲۰۰۰۰ ,جدید,,اصفهان- اصفهان,۳۰ متر زیربنا,۸۲ متر کل بنا,۰ اتاق,ظرفیت ۴ نفر,۱ تخت دو نفره,۲ تخت یک نفره,۲ رخت‌خواب سنتی,۱ سرویس بهداشتی (ایرانی، فرنگی),۱ حمام,True,False,False,False,False,False,False,False,False,False,False,False
328102,traditional,۱۱۷۰۰۰۰ ,جدید,,اصفهان- اصفهان,۵۰ متر زیربنا,۱۵۰۰ متر کل بنا,۰ اتاق,ظرفیت ۴ نفر,۲ تخت دو نفره,تخت یک نفره ندارد,۱ رخت‌خواب سنتی,۱ سرویس بهداشتی (ایرانی، فرنگی),۱ حمام,True,False,False,False,False,False,True,False,False,False,False,False
93379,ecotourism,۳۳۰۰۰۰ ,۱,۴,اصفهان- اصفهان,۲۰ متر زیربنا,۴۵۰ متر کل بنا,۰ اتاق,ظرفیت ۴ نفر,۱ تخت دو نفره,۲ تخت یک نفره,رخت‌خواب سنتی ندارد,۲ سرویس بهداشتی (ایرانی، فرنگی),۱ حمام,True,True,False,False,False,False,False,False,False,False,False,False
328104,traditional,۶۰۰۰۰۰ ,جدید,,اصفهان- اصفهان,۲۰ متر زیربنا,۱۵۰۰ متر کل بنا,۰ اتاق,ظرفیت ۲ نفر,تخت دو نفره ندارد,۲ تخت یک نفره,رخت‌خواب سنتی ندارد,۱ سرویس بهداشتی (ایرانی، فرنگی),۱ حمام,True,False,False,False,False,False,True,False,False,False,False,False
339107,ecotourism,۲۲۰۰۰۰ ,جدید,,اصفهان- اصفهان,۱۰ متر زیربنا,۸۲ متر کل بنا,۰ اتاق,ظرفیت تا ۳ نفر (۲ نفر پایه + تا ۱ نفر اضافه),۱ تخت دو نفره,تخت یک نفره ندارد,۱ رخت‌خواب سنتی,۱ سرویس بهداشتی (ایرانی، فرنگی),۱ حمام,True,False,False,False,False,False,False,False,False,False,False,False
326117,traditional,۱۲۵۰۰۰۰ ,۱,۵,اصفهان- اصفهان,۴۵۰ متر زیربنا,۶۰۰ متر کل بنا,۰ اتاق,ظرفیت ۳ نفر,۱ تخت دو نفره,۱ تخت یک نفره,رخت‌خواب سنتی ندارد,۱ سرویس بهداشتی (ایرانی، فرنگی),۱ حمام,True,False,False,False,False,False,True,False,False,False,False,False
326120,traditional,۸۰۰۰۰۰ ,۱,۵,اصفهان- اصفهان,۴۵۰ متر زیربنا,۶۰۰ متر کل بنا,۰ اتاق,ظرفیت ۳ نفر,۱ تخت دو نفره,۱ تخت یک نفره,رخت‌خواب سنتی ندارد,۱ سرویس بهداشتی (ایرانی، فرنگی),۱ حمام,True,False,False,False,False,False,True,False,False,False,False,False
326119,traditional,۸۵۰۰۰۰ ,جدید,,اصفهان- اصفهان,۴۵۰ متر زیربنا,۶۰۰ متر کل بنا,۰ اتاق,ظرفیت ۳ نفر,۱ تخت دو نفره,۱ تخت یک نفره,رخت‌خواب سنتی ندارد,۱ سرویس بهداشتی (ایرانی، فرنگی),۱ حمام,True,False,False,False,False,False,True,False,False,False,False,False
328104,traditional,۶۰۰۰۰۰ ,جدید,,اصفهان- اصفهان,۲۰ متر زیربنا,۱۵۰۰ متر کل بنا,۰ اتاق,ظرفیت ۲ نفر,تخت دو نفره ندارد,۲ تخت یک نفره,رخت‌خواب سنتی ندارد,۱ سرویس بهداشتی (ایرانی، فرنگی),۱ حمام,True,False,False,False,False,False,True,False,False,False,False,False
339107,ecotourism,۲۲۰۰۰۰ ,جدید,,اصفهان- اصفهان,۱۰ متر زیربنا,۸۲ متر کل بنا,۰ اتاق,ظرفیت تا ۳ نفر (۲ نفر پایه + تا ۱ نفر اضافه),۱ تخت دو نفره,تخت یک نفره ندارد,۱ رخت‌خواب سنتی,۱ سرویس بهداشتی (ایرانی، فرنگی),۱ حمام,True,False,False,False,False,False,False,False,False,False,False,False
84105,inn,۱۵۰۰۰۰ ,۲۴,۴.۴,اصفهان- اصفهان,۰ متر زیربنا,۰ متر کل بنا,۰ اتاق,ظرفیت ۲ نفر,۱ تخت دو نفره,تخت یک نفره ندارد,رخت‌خواب سنتی ندارد,۱ سرویس بهداشتی (ایرانی، فرنگی),۱ حمام,True,False,False,False,False,False,False,False,False,False,False,False
328107,traditional,۹۴۰۰۰۰ ,جدید,,اصفهان- اصفهان,۵۰ متر زیربنا,۱۵۰۰ متر کل بنا,۰ اتاق,ظرفیت تا ۶ نفر (۳ نفر پایه + تا ۳ نفر اضافه),۱ تخت دو نفره,۱ تخت یک نفره,۲ رخت‌خواب سنتی,۱ سرویس بهداشتی (ایرانی، فرنگی),۱ حمام,True,False,False,False,False,False,True,False,False,False,False,False
328099,traditional,۸۴۰۰۰۰ ,جدید,,اصفهان- اصفهان,۵۰ متر زیربنا,۱۵۰۰ متر کل بنا,۰ اتاق,ظرفیت تا ۶ نفر (۳ نفر پایه + تا ۳ نفر اضافه),تخت دو نفره ندارد,۳ تخت یک نفره,۳ رخت‌خواب سنتی,۱ سرویس بهداشتی (ایرانی، فرنگی),۱ حمام,True,False,False,False,False,False,False,False,False,False,False,False
328105,traditional,۱۳۶۹۰۰۰ ,جدید,,اصفهان- اصفهان,۵۰ متر زیربنا,۱۵۰۰ متر کل بنا,۰ اتاق,ظرفیت ۳ نفر,۱ تخت دو نفره,۱ تخت یک نفره,رخت‌خواب سنتی ندارد,۱ سرویس بهداشتی (ایرانی، فرنگی),۱ حمام,True,False,False,False,False,False,True,False,False,False,False,False
328098,traditional,۹۰۰۰۰۰ ,جدید,,اصفهان- اصفهان,۲۰ متر زیربنا,۱۵۰۰ متر کل بنا,۰ اتاق,ظرفیت ۴ نفر,۱ تخت دو نفره,۲ تخت یک نفره,۱ رخت‌خواب سنتی,۲ سرویس بهداشتی (ایرانی، فرنگی),۱ حمام,True,False,False,False,False,False,False,False,False,False,False,False
90192,hostel,۲۲۰۰۰۰ ,۱,۴,اصفهان- اصفهان,۰ متر زیربنا,۰ متر کل بنا,۰ اتاق,ظرفیت ۴ نفر,۱ تخت دو نفره,۲ تخت یک نفره,رخت‌خواب سنتی ندارد,۱ سرویس بهداشتی (ایرانی، فرنگی),۱ حمام,True,True,False,False,False,False,False,False,False,False,False,False
90170,hostel,۱۹۵۰۰۰ ,جدید,,اصفهان- اصفهان,۰ متر زیربنا,۰ متر کل بنا,۰ اتاق,ظرفیت ۳ نفر,تخت دو نفره ندارد,۳ تخت یک نفره,رخت‌خواب سنتی ندارد,۱ سرویس بهداشتی (ایرانی، فرنگی),۱ حمام,True,True,False,False,False,False,False,False,False,False,False,False
85583,traditional,۱۵۱۳۰۰۰ ,۶,۴.۱,اصفهان- اصفهان,۲۰ متر زیربنا,۱۲۵۰ متر کل بنا,۰ اتاق,ظرفیت تا ۴ نفر (۳ نفر پایه + تا ۱ نفر اضافه),۲ تخت دو نفره,۲ تخت یک نفره,رخت‌خواب سنتی ندارد,۱ سرویس بهداشتی (ایرانی، فرنگی),۱ حمام,True,False,False,False,False,False,True,False,False,False,False,False
84095,inn,۲۱۰۰۰۰ ,۲۲,۴.۳,اصفهان- اصفهان,۰ متر زیربنا,۰ متر کل بنا,۰ اتاق,ظرفیت ۴ نفر,۲ تخت دو نفره,تخت یک نفره ندارد,رخت‌خواب سنتی ندارد,۱ سرویس بهداشتی (ایرانی، فرنگی),۱ حمام,True,False,False,False,False,False,False,False,False,False,False,False
87344,inn,۲۰۰۰۰۰ ,۲,۱.۴,اصفهان- اصفهان,۰ متر زیربنا,۰ متر کل بنا,۰ اتاق,ظرفیت ۴ نفر,۱ تخت دو نفره,۲ تخت یک نفره,رخت‌خواب سنتی ندارد,۲ سرویس بهداشتی (ایرانی، فرنگی),۱ حمام,True,True,False,False,False,False,False,False,False,False,False,False
105588,suite,۳۵۰۰۰۰ ,۳,۴.۳,اصفهان- اصفهان,۱۲۰ متر زیربنا,۱۲۰ متر کل بنا,۲ اتاق,ظرفیت تا ۶ نفر (۲ نفر پایه + تا ۴ نفر اضافه),۲ تخت دو نفره,تخت یک نفره ندارد,۴ رخت‌خواب سنتی,۴ سرویس بهداشتی (ایرانی، فرنگی),۱ حمام,True,True,False,False,False,False,True,False,False,False,False,False
87339,inn,۷۹۰۰۰ ,۳,۲.۶,اصفهان- اصفهان,۰ متر زیربنا,۰ متر کل بنا,۰ اتاق,ظرفیت ۱ نفر,تخت دو نفره ندارد,۱ تخت یک نفره,رخت‌خواب سنتی ندارد,۲ سرویس بهداشتی (ایرانی، فرنگی),۱ حمام,True,True,False,False,False,False,False,False,False,False,False,False
109134,suite,۲۹۰۰۰۰ ,۹,۴.۳,اصفهان- اصفهان,۸۰ متر زیربنا,۱۱۰ متر کل بنا,۰ اتاق,ظرفیت تا ۶ نفر (۳ نفر پایه + تا ۳ نفر اضافه),۱ تخت دو نفره,۱ تخت یک نفره,۲ رخت‌خواب سنتی,۲ سرویس بهداشتی (ایرانی، فرنگی),۱ حمام,True,True,False,False,False,False,False,False,False,False,False,False
86395,traditional,۶۵۵۰۰۰ ,۱,۴,اصفهان- اصفهان,۲۴ متر زیربنا,۱۷۰۰ متر کل بنا,۰ اتاق,ظرفیت تا ۶ نفر (۴ نفر پایه + تا ۲ نفر اضافه),۲ تخت دو نفره,تخت یک نفره ندارد,۲ رخت‌خواب سنتی,۱ سرویس بهداشتی (ایرانی، فرنگی),۱ حمام,True,False,False,False,False,False,False,False,False,False,False,False
91466,traditional,۱۳۵۴۰۰۰ ,۴,۴.۱,اصفهان- اصفهان,۰ متر زیربنا,۰ متر کل بنا,۰ اتاق,ظرفیت ۵ نفر,۱ تخت دو نفره,۳ تخت یک نفره,رخت‌خواب سنتی ندارد,۲ سرویس بهداشتی (ایرانی، فرنگی),۱ حمام,True,False,False,False,False,False,False,False,False,False,False,False
87322,inn,۱۱۰۰۰۰ ,۷,۴.۲,اصفهان- اصفهان,۰ متر زیربنا,۰ متر کل بنا,۰ اتاق,ظرفیت ۲ نفر,۱ تخت دو نفره,تخت یک نفره ندارد,رخت‌خواب سنتی ندارد,۳ سرویس بهداشتی (ایرانی، فرنگی),۱ حمام,True,True,False,False,False,False,False,False,False,False,False,False
106326,suite,۳۱۹۰۰۰ ,۴,۴,اصفهان- اصفهان,۱۴۰ متر زیربنا,۳۵۰ متر کل بنا,۲ اتاق,ظرفیت تا ۶ نفر (۳ نفر پایه + تا ۳ نفر اضافه),۱ تخت دو نفره,۲ تخت یک نفره,۶ رخت‌خواب سنتی,۱ سرویس بهداشتی (ایرانی، فرنگی),۱ حمام,True,True,False,False,False,False,False,False,False,False,False,False
82192,traditional,۱۳۰۵۰۰۰ ,جدید,,اصفهان- اصفهان,۰ متر زیربنا,۰ متر کل بنا,۰ اتاق,ظرفیت تا ۶ نفر (۳ نفر پایه + تا ۳ نفر اضافه),۱ تخت دو نفره,۱ تخت یک نفره,۳ رخت‌خواب سنتی,۲ سرویس بهداشتی (ایرانی، فرنگی),۱ حمام,True,False,False,False,False,False,True,False,False,False,False,False
82200,traditional,۹۵۷۰۰۰ ,جدید,,اصفهان- اصفهان,۰ متر زیربنا,۰ متر کل بنا,۰ اتاق,ظرفیت ۳ نفر,۱ تخت دو نفره,۱ تخت یک نفره,رخت‌خواب سنتی ندارد,۲ سرویس بهداشتی (ایرانی، فرنگی),۱ حمام,True,False,False,False,False,False,True,False,False,False,False,False
87322,inn,۱۱۰۰۰۰ ,۷,۴.۲,اصفهان- اصفهان,۰ متر زیربنا,۰ متر کل بنا,۰ اتاق,ظرفیت ۲ نفر,۱ تخت دو نفره,تخت یک نفره ندارد,رخت‌خواب سنتی ندارد,۳ سرویس بهداشتی (ایرانی، فرنگی),۱ حمام,True,True,False,False,False,False,False,False,False,False,False,False
82192,traditional,۱۳۰۵۰۰۰ ,جدید,,اصفهان- اصفهان,۰ متر زیربنا,۰ متر کل بنا,۰ اتاق,ظرفیت تا ۶ نفر (۳ نفر پایه + تا ۳ نفر اضافه),۱ تخت دو نفره,۱ تخت یک نفره,۳ رخت‌خواب سنتی,۲ سرویس بهداشتی (ایرانی، فرنگی),۱ حمام,True,False,False,False,False,False,True,False,False,False,False,False
82200,traditional,۹۵۷۰۰۰ ,جدید,,اصفهان- اصفهان,۰ متر زیربنا,۰ متر کل بنا,۰ اتاق,ظرفیت ۳ نفر,۱ تخت دو نفره,۱ تخت یک نفره,رخت‌خواب سنتی ندارد,۲ سرویس بهداشتی (ایرانی، فرنگی),۱ حمام,True,False,False,False,False,False,True,False,False,False,False,False
84104,inn,۳۰۰۰۰۰ ,۲۲,۴.۵,اصفهان- اصفهان,۰ متر زیربنا,۰ متر کل بنا,۰ اتاق,ظرفیت ۷ نفر,۱ تخت دو نفره,۵ تخت یک نفره,رخت‌خواب سنتی ندارد,۱ سرویس بهداشتی (ایرانی، فرنگی),۱ حمام,True,False,False,False,False,False,False,False,False,False,False,False
84100,inn,۲۴۰۰۰۰ ,۲۳,۴.۳,اصفهان- اصفهان,۰ متر زیربنا,۰ متر کل بنا,۰ اتاق,ظرفیت ۵ نفر,۱ تخت دو نفره,۳ تخت یک نفره,رخت‌خواب سنتی ندارد,۱ سرویس بهداشتی (ایرانی، فرنگی),۱ حمام,True,False,False,False,False,False,False,False,False,False,False,False
86395,traditional,۶۵۵۰۰۰ ,۱,۴,اصفهان- اصفهان,۲۴ متر زیربنا,۱۷۰۰ متر کل بنا,۰ اتاق,ظرفیت تا ۶ نفر (۴ نفر پایه + تا ۲ نفر اضافه),۲ تخت دو نفره,تخت یک نفره ندارد,۲ رخت‌خواب سنتی,۱ سرویس بهداشتی (ایرانی، فرنگی),۱ حمام,True,False,False,False,False,False,False,False,False,False,False,False
91478,traditional,۱۵۸۲۰۰۰ ,۴,۴.۱,اصفهان- اصفهان,۰ متر زیربنا,۰ متر کل بنا,۰ اتاق,ظرفیت ۲ نفر,۱ تخت دو نفره,تخت یک نفره ندارد,رخت‌خواب سنتی ندارد,۲ سرویس بهداشتی (ایرانی، فرنگی),۱ حمام,True,False,False,False,False,False,False,False,False,False,False,False
91479,traditional,۴۲۹۰۰۰ ,۴,۴.۱,اصفهان- اصفهان,۰ متر زیربنا,۰ متر کل بنا,۰ اتاق,ظرفیت ۱ نفر,تخت دو نفره ندارد,۱ تخت یک نفره,رخت‌خواب سنتی ندارد,۱ سرویس بهداشتی (ایرانی، فرنگی),۱ حمام,True,False,False,False,False,False,False,False,False,False,False,False
84099,inn,۱۸۰۰۰۰ ,۲۲,۴.۵,اصفهان- اصفهان,۰ متر زیربنا,۰ متر کل بنا,۰ اتاق,ظرفیت ۳ نفر,۱ تخت دو نفره,۲ تخت یک نفره,رخت‌خواب سنتی ندارد,۱ سرویس بهداشتی (ایرانی، فرنگی),۱ حمام,True,False,False,False,False,False,False,False,False,False,False,False
93008,hostel,۷۵۰۰۰ ,۳۲,۴.۵,اصفهان- اصفهان,۰ متر زیربنا,۰ متر کل بنا,۰ اتاق,ظرفیت ۴ نفر,تخت دو نفره ندارد,۱ تخت یک نفره,رخت‌خواب سنتی ندارد,۲ سرویس بهداشتی (ایرانی، فرنگی),۱ حمام,True,True,False,False,False,False,False,False,False,False,False,False
327994,traditional,۲۴۰۰۰۰ ,۱,۴,اصفهان- اصفهان,۱۴ متر زیربنا,۱۵۰۰ متر کل بنا,۰ اتاق,ظرفیت ۲ نفر,تخت دو نفره ندارد,۲ تخت یک نفره,رخت‌خواب سنتی ندارد,۱ سرویس بهداشتی (ایرانی، فرنگی),۱ حمام,True,False,False,False,False,False,False,False,False,False,False,False
328004,traditional,۱۹۰۰۰۰ ,۱,۵,اصفهان- اصفهان,۱۲ متر زیربنا,۱۵۰۰ متر کل بنا,۰ اتاق,ظرفیت ۲ نفر,تخت دو نفره ندارد,۲ تخت یک نفره,رخت‌خواب سنتی ندارد,۱ سرویس بهداشتی (ایرانی، فرنگی),۱ حمام,True,False,False,False,False,False,False,False,False,False,False,False
85747,inn,۱۲۱۰۰۰ ,۴,۴,اصفهان- اصفهان,۰ متر زیربنا,۰ متر کل بنا,۰ اتاق,ظرفیت ۱ نفر,تخت دو نفره ندارد,۱ تخت یک نفره,رخت‌خواب سنتی ندارد,۱ سرویس بهداشتی (ایرانی، فرنگی),۱ حمام,True,False,False,False,False,False,False,False,False,False,False,False
85755,inn,۲۴۴۰۰۰ ,۱,۴,اصفهان- اصفهان,۰ متر زیربنا,۰ متر کل بنا,۰ اتاق,ظرفیت ۲ نفر,۱ تخت دو نفره,تخت یک نفره ندارد,رخت‌خواب سنتی ندارد,۱ سرویس بهداشتی (ایرانی، فرنگی),۱ حمام,True,False,False,False,False,False,False,False,False,False,False,False
84104,inn,۳۰۰۰۰۰ ,۲۲,۴.۵,اصفهان- اصفهان,۰ متر زیربنا,۰ متر کل بنا,۰ اتاق,ظرفیت ۷ نفر,۱ تخت دو نفره,۵ تخت یک نفره,رخت‌خواب سنتی ندارد,۱ سرویس بهداشتی (ایرانی، فرنگی),۱ حمام,True,False,False,False,False,False,False,False,False,False,False,False
84100,inn,۲۴۰۰۰۰ ,۲۳,۴.۳,اصفهان- اصفهان,۰ متر زیربنا,۰ متر کل بنا,۰ اتاق,ظرفیت ۵ نفر,۱ تخت دو نفره,۳ تخت یک نفره,رخت‌خواب سنتی ندارد,۱ سرویس بهداشتی (ایرانی، فرنگی),۱ حمام,True,False,False,False,False,False,False,False,False,False,False,False
93021,hostel,۲۴۹۰۰۰ ,۳۲,۴.۵,اصفهان- اصفهان,۰ متر زیربنا,۰ متر کل بنا,۰ اتاق,ظرفیت ۲ نفر,۱ تخت دو نفره,تخت یک نفره ندارد,رخت‌خواب سنتی ندارد,۱ سرویس بهداشتی (ایرانی، فرنگی),۱ حمام,True,True,False,False,False,False,False,False,False,False,False,False
93775,ecotourism,۴۰۰۰۰۰ ,۹,۴.۳,اصفهان- اصفهان,۰ متر زیربنا,۰ متر کل بنا,۰ اتاق,ظرفیت ۴ نفر,تخت دو نفره ندارد,تخت یک نفره ندارد,۴ رخت‌خواب سنتی,۱ سرویس بهداشتی (ایرانی، فرنگی),۱ حمام,True,True,False,False,False,False,False,False,False,False,False,False
102259,villa,۹۰۰۰۰۰ ,۱,۱,اصفهان- اصفهان,۷۰ متر زیربنا,۷۰۰ متر کل بنا,۱ اتاق,ظرفیت ۴ نفر,تخت دو نفره ندارد,تخت یک نفره ندارد,۴ رخت‌خواب سنتی,۱ سرویس بهداشتی (ایرانی، فرنگی),۱ حمام,True,False,False,False,False,False,False,False,False,False,False,False
92621,complex,۲۵۰۰۰۰ ,۱,۴,اصفهان- اصفهان,۱۲۰ متر زیربنا,۲۵۰ متر کل بنا,۰ اتاق,ظرفیت تا ۷ نفر (۲ نفر پایه + تا ۵ نفر اضافه),۱ تخت دو نفره,تخت یک نفره ندارد,رخت‌خواب سنتی ندارد,۱ سرویس بهداشتی (ایرانی، فرنگی),۱ حمام,True,False,False,False,False,False,False,False,False,False,False,False
87356,inn,۲۴۵۰۰۰ ,۲,۱.۴,اصفهان- اصفهان,۰ متر زیربنا,۰ متر کل بنا,۰ اتاق,ظرفیت ۴ نفر,۱ تخت دو نفره,۲ تخت یک نفره,رخت‌خواب سنتی ندارد,۱ سرویس بهداشتی (ایرانی، فرنگی),۱ حمام,True,True,False,False,False,False,False,False,False,False,False,False
108270,apartment,۳۰۰۰۰۰ ,۱,۱,اصفهان- اصفهان,۹۰ متر زیربنا,۳۰۰ متر کل بنا,۲ اتاق,ظرفیت تا ۵ نفر (۴ نفر پایه + تا ۱ نفر اضافه),۱ تخت دو نفره,۲ تخت یک نفره,رخت‌خواب سنتی ندارد,۱ سرویس بهداشتی (ایرانی، فرنگی),۱ حمام,True,True,False,False,False,False,False,False,False,False,False,False
87318,inn,۱۶۹۰۰۰ ,۸,۴.۵,اصفهان- اصفهان,۰ متر زیربنا,۰ متر کل بنا,۰ اتاق,ظرفیت ۳ نفر,۱ تخت دو نفره,۱ تخت یک نفره,رخت‌خواب سنتی ندارد,۳ سرویس بهداشتی (ایرانی، فرنگی),۱ حمام,True,True,False,False,False,False,False,False,False,False,False,False
84102,inn,۳۳۰۰۰۰ ,۲۲,۴.۵,اصفهان- اصفهان,۰ متر زیربنا,۰ متر کل بنا,۰ اتاق,ظرفیت ۸ نفر,۱ تخت دو نفره,۶ تخت یک نفره,رخت‌خواب سنتی ندارد,۱ سرویس بهداشتی (ایرانی، فرنگی),۱ حمام,True,False,False,False,False,False,False,False,False,False,False,False
86394,traditional,۴۴۵۰۰۰ ,جدید,,اصفهان- اصفهان,۱۵ متر زیربنا,۱۷۰۰ متر کل بنا,۰ اتاق,ظرفیت تا ۴ نفر (۲ نفر پایه + تا ۲ نفر اضافه),۲ تخت دو نفره,تخت یک نفره ندارد,۲ رخت‌خواب سنتی,۱ سرویس بهداشتی (ایرانی، فرنگی),۱ حمام,True,False,False,False,False,False,False,False,False,False,False,False
86403,traditional,۴۴۵۰۰۰ ,جدید,,اصفهان- اصفهان,۱۵ متر زیربنا,۱۷۰۰ متر کل بنا,۰ اتاق,ظرفیت تا ۴ نفر (۲ نفر پایه + تا ۲ نفر اضافه),۲ تخت دو نفره,تخت یک نفره ندارد,۲ رخت‌خواب سنتی,۱ سرویس بهداشتی (ایرانی، فرنگی),۱ حمام,True,False,False,False,False,False,False,False,False,False,False,False
92621,complex,۲۵۰۰۰۰ ,۱,۴,اصفهان- اصفهان,۱۲۰ متر زیربنا,۲۵۰ متر کل بنا,۰ اتاق,ظرفیت تا ۷ نفر (۲ نفر پایه + تا ۵ نفر اضافه),۱ تخت دو نفره,تخت یک نفره ندارد,رخت‌خواب سنتی ندارد,۱ سرویس بهداشتی (ایرانی، فرنگی),۱ حمام,True,False,False,False,False,False,False,False,False,False,False,False
91467,traditional,۱۳۵۴۰۰۰ ,۴,۴.۱,اصفهان- اصفهان,۰ متر زیربنا,۰ متر کل بنا,۰ اتاق,ظرفیت ۵ نفر,۱ تخت دو نفره,۳ تخت یک نفره,رخت‌خواب سنتی ندارد,۱ سرویس بهداشتی (ایرانی، فرنگی),۱ حمام,True,False,False,False,False,False,False,False,False,False,False,False
91499,traditional,۸۳۹۰۰۰ ,۴,۴.۱,اصفهان- اصفهان,۰ متر زیربنا,۰ متر کل بنا,۰ اتاق,ظرفیت تا ۳ نفر (۲ نفر پایه + تا ۱ نفر اضافه),۱ تخت دو نفره,۱ تخت یک نفره,رخت‌خواب سنتی ندارد,۱ سرویس بهداشتی (ایرانی، فرنگی),۱ حمام,True,False,False,False,False,False,False,False,False,False,False,False
84103,inn,۲۱۰۰۰۰ ,۲۲,۴.۵,اصفهان- اصفهان,۰ متر زیربنا,۰ متر کل بنا,۰ اتاق,ظرفیت ۴ نفر,تخت دو نفره ندارد,۴ تخت یک نفره,رخت‌خواب سنتی ندارد,۱ سرویس بهداشتی (ایرانی، فرنگی),۱ حمام,True,False,False,False,False,False,False,False,False,False,False,False
104991,suite,۲۴۹۰۰۰ ,۱,۱,اصفهان- اصفهان,۴۵ متر زیربنا,۳۳۰ متر کل بنا,۲ اتاق,ظرفیت تا ۴ نفر (۲ نفر پایه + تا ۲ نفر اضافه),۲ تخت دو نفره,تخت یک نفره ندارد,۲ رخت‌خواب سنتی,۲ سرویس بهداشتی (ایرانی، فرنگی),۱ حمام,True,True,False,False,False,False,False,False,False,False,False,False
91456,traditional,۶۵۸۰۰۰ ,۴,۴.۱,اصفهان- اصفهان,۰ متر زیربنا,۰ متر کل بنا,۰ اتاق,ظرفیت ۲ نفر,۱ تخت دو نفره,تخت یک نفره ندارد,رخت‌خواب سنتی ندارد,۱ سرویس بهداشتی (ایرانی، فرنگی),۱ حمام,True,False,False,False,False,False,False,False,False,False,False,False
91462,traditional,۸۳۸۰۰۰ ,۴,۴.۱,اصفهان- اصفهان,۰ متر زیربنا,۰ متر کل بنا,۰ اتاق,ظرفیت ۳ نفر,۱ تخت دو نفره,۱ تخت یک نفره,رخت‌خواب سنتی ندارد,سرویس بهداشتی (ایرانی، فرنگی) ندارد,حمام ندارد,True,False,False,False,False,False,False,False,False,False,False,False
84098,inn,۱۸۰۰۰۰ ,۲۳,۴.۴,اصفهان- اصفهان,۰ متر زیربنا,۰ متر کل بنا,۰ اتاق,ظرفیت ۳ نفر,تخت دو نفره ندارد,۳ تخت یک نفره,رخت‌خواب سنتی ندارد,۱ سرویس بهداشتی (ایرانی، فرنگی),۱ حمام,True,False,False,False,False,False,False,False,False,False,False,False
87318,inn,۱۶۹۰۰۰ ,۸,۴.۵,اصفهان- اصفهان,۰ متر زیربنا,۰ متر کل بنا,۰ اتاق,ظرفیت ۳ نفر,۱ تخت دو نفره,۱ تخت یک نفره,رخت‌خواب سنتی ندارد,۳ سرویس بهداشتی (ایرانی، فرنگی),۱ حمام,True,True,False,False,False,False,False,False,False,False,False,False
85750,inn,۱۱۰۰۰۰ ,۱,۴,اصفهان- اصفهان,۰ متر زیربنا,۰ متر کل بنا,۰ اتاق,ظرفیت ۸ نفر,تخت دو نفره ندارد,۸ تخت یک نفره,رخت‌خواب سنتی ندارد,۱ سرویس بهداشتی (ایرانی، فرنگی),۱ حمام,True,False,False,False,False,False,False,False,False,False,False,False
328006,traditional,۲۴۰۰۰۰ ,۱,۳,اصفهان- اصفهان,۱۵ متر زیربنا,۱۵۰۰ متر کل بنا,۰ اتاق,ظرفیت ۲ نفر,۱ تخت دو نفره,تخت یک نفره ندارد,رخت‌خواب سنتی ندارد,۱ سرویس بهداشتی (ایرانی، فرنگی),۱ حمام,True,False,False,False,False,False,False,False,False,False,False,False
327996,traditional,۱۲۰۰۰۰ ,۲,۵,اصفهان- اصفهان,۶ متر زیربنا,۱۵۰۰ متر کل بنا,۰ اتاق,ظرفیت ۱ نفر,تخت دو نفره ندارد,۱ تخت یک نفره,رخت‌خواب سنتی ندارد,۱ سرویس بهداشتی (ایرانی، فرنگی),۱ حمام,True,False,False,False,False,False,False,False,False,False,False,False
102393,apartment,۹۵۰۰۰۰ ,جدید,,اصفهان- اصفهان,۸۰ متر زیربنا,۲۰۰ متر کل بنا,۲ اتاق,ظرفیت تا ۸ نفر (۴ نفر پایه + تا ۴ نفر اضافه),۲ تخت دو نفره,تخت یک نفره ندارد,۴ رخت‌خواب سنتی,۲ سرویس بهداشتی (ایرانی، فرنگی),۱ حمام,True,True,False,False,False,False,False,False,False,False,False,False
108978,apartment,۲۹۹۰۰۰ ,۴,۴,اصفهان- اصفهان,۱۲۰ متر زیربنا,۱۶۵ متر کل بنا,۲ اتاق,ظرفیت تا ۷ نفر (۳ نفر پایه + تا ۴ نفر اضافه),۱ تخت دو نفره,۲ تخت یک نفره,۴ رخت‌خواب سنتی,۲ سرویس بهداشتی (ایرانی، فرنگی),۱ حمام,True,False,False,False,False,False,False,False,False,False,False,False
104599,apartment,۲۴۹۰۰۰ ,۱,۳,اصفهان- اصفهان,۹۵ متر زیربنا,۱۸۰ متر کل بنا,۱ اتاق,ظرفیت تا ۶ نفر (۳ نفر پایه + تا ۳ نفر اضافه),۱ تخت دو نفره,تخت یک نفره ندارد,۴ رخت‌خواب سنتی,۲ سرویس بهداشتی (ایرانی، فرنگی),۱ حمام,True,True,False,False,False,False,False,False,False,False,False,False
106851,apartment,۷۰۰۰۰۰ ,۳۴,۴.۸,اصفهان- اصفهان,۸۰ متر زیربنا,۴۰۰ متر کل بنا,۱ اتاق,ظرفیت تا ۶ نفر (۲ نفر پایه + تا ۴ نفر اضافه),۱ تخت دو نفره,تخت یک نفره ندارد,۴ رخت‌خواب سنتی,۲ سرویس بهداشتی (ایرانی، فرنگی),۱ حمام,True,True,False,False,False,False,True,False,False,False,False,False
85746,inn,۴۸۸۰۰۰ ,۱,۴,اصفهان- اصفهان,۰ متر زیربنا,۰ متر کل بنا,۰ اتاق,ظرفیت ۴ نفر,۱ تخت دو نفره,۲ تخت یک نفره,رخت‌خواب سنتی ندارد,سرویس بهداشتی (ایرانی، فرنگی) ندارد,حمام ندارد,True,False,False,False,False,False,False,False,False,False,False,False
93774,ecotourism,۳۰۰۰۰۰ ,۱۰,۴.۳,اصفهان- اصفهان,۰ متر زیربنا,۰ متر کل بنا,۰ اتاق,ظرفیت ۲ نفر,۱ تخت دو نفره,تخت یک نفره ندارد,رخت‌خواب سنتی ندارد,۱ سرویس بهداشتی (ایرانی، فرنگی),۱ حمام,True,False,False,False,False,False,False,False,False,False,False,False
92593,complex,۲۵۰۰۰۰ ,۱,۴,اصفهان- اصفهان,۱۲۰ متر زیربنا,۲۵۰ متر کل بنا,۱ اتاق,ظرفیت تا ۸ نفر (۲ نفر پایه + تا ۶ نفر اضافه),۱ تخت دو نفره,تخت یک نفره ندارد,رخت‌خواب سنتی ندارد,۱ سرویس بهداشتی (ایرانی، فرنگی),۱ حمام,True,True,False,False,False,False,False,False,False,False,False,False
104424,apartment,۶۵۰۰۰۰ ,۱,۳,اصفهان- اصفهان,۸۰ متر زیربنا,۸۰ متر کل بنا,۳ اتاق,ظرفیت ۲ نفر,۳ تخت دو نفره,تخت یک نفره ندارد,۶ رخت‌خواب سنتی,۲ سرویس بهداشتی (ایرانی، فرنگی),۱ حمام,True,True,False,False,False,False,False,False,False,False,False,False
104474,apartment,۷۵۰۰۰۰ ,۱,۴,اصفهان- اصفهان,۸۵ متر زیربنا,۲۰۰ متر کل بنا,۱ اتاق,ظرفیت ۲ نفر,۱ تخت دو نفره,تخت یک نفره ندارد,۲ رخت‌خواب سنتی,۲ سرویس بهداشتی (ایرانی، فرنگی),۱ حمام,True,True,False,False,False,False,True,False,False,False,False,False
82191,traditional,۷۴۰۰۰۰ ,جدید,,اصفهان- اصفهان,۰ متر زیربنا,۰ متر کل بنا,۰ اتاق,ظرفیت ۲ نفر,۱ تخت دو نفره,تخت یک نفره ندارد,رخت‌خواب سنتی ندارد,۲ سرویس بهداشتی (ایرانی، فرنگی),۱ حمام,True,False,False,False,False,False,True,False,False,False,False,False
82189,traditional,۷۴۰۰۰۰ ,جدید,,اصفهان- اصفهان,۰ متر زیربنا,۰ متر کل بنا,۰ اتاق,ظرفیت تا ۳ نفر (۲ نفر پایه + تا ۱ نفر اضافه),تخت دو نفره ندارد,۲ تخت یک نفره,۱ رخت‌خواب سنتی,۲ سرویس بهداشتی (ایرانی، فرنگی),۱ حمام,True,False,False,False,False,False,True,False,False,False,False,False
82195,traditional,۱۱۷۵۰۰۰ ,جدید,,اصفهان- اصفهان,۰ متر زیربنا,۰ متر کل بنا,۰ اتاق,ظرفیت تا ۵ نفر (۴ نفر پایه + تا ۱ نفر اضافه),۱ تخت دو نفره,۲ تخت یک نفره,۱ رخت‌خواب سنتی,۲ سرویس بهداشتی (ایرانی، فرنگی),۱ حمام,True,False,False,False,False,False,True,False,False,False,False,False
82201,traditional,۹۵۷۰۰۰ ,جدید,,اصفهان- اصفهان,۰ متر زیربنا,۰ متر کل بنا,۰ اتاق,ظرفیت تا ۴ نفر (۳ نفر پایه + تا ۱ نفر اضافه),۱ تخت دو نفره,۱ تخت یک نفره,۱ رخت‌خواب سنتی,۲ سرویس بهداشتی (ایرانی، فرنگی),۱ حمام,True,False,False,False,False,False,True,False,False,False,False,False
82198,traditional,۱۳۰۵۰۰۰ ,جدید,,اصفهان- اصفهان,۰ متر زیربنا,۰ متر کل بنا,۰ اتاق,ظرفیت تا ۶ نفر (۳ نفر پایه + تا ۳ نفر اضافه),۱ تخت دو نفره,۱ تخت یک نفره,۳ رخت‌خواب سنتی,۲ سرویس بهداشتی (ایرانی، فرنگی),۱ حمام,True,False,False,False,False,False,True,False,False,False,False,False
93009,hostel,۶۰۰۰۰۰ ,۳۲,۴.۵,اصفهان- اصفهان,۰ متر زیربنا,۰ متر کل بنا,۰ اتاق,ظرفیت ۸ نفر,تخت دو نفره ندارد,۸ تخت یک نفره,رخت‌خواب سنتی ندارد,۲ سرویس بهداشتی (ایرانی، فرنگی),۱ حمام,True,True,False,False,False,False,False,False,False,False,False,False
90178,hostel,۱۷۵۰۰۰ ,۴,۳.۵,اصفهان- اصفهان,۰ متر زیربنا,۰ متر کل بنا,۰ اتاق,ظرفیت ۲ نفر,۱ تخت دو نفره,تخت یک نفره ندارد,رخت‌خواب سنتی ندارد,۱ سرویس بهداشتی (ایرانی، فرنگی),۱ حمام,True,True,False,False,False,False,False,False,False,False,False,False
104424,apartment,۶۵۰۰۰۰ ,۱,۳,اصفهان- اصفهان,۸۰ متر زیربنا,۸۰ متر کل بنا,۳ اتاق,ظرفیت ۲ نفر,۳ تخت دو نفره,تخت یک نفره ندارد,۶ رخت‌خواب سنتی,۲ سرویس بهداشتی (ایرانی، فرنگی),۱ حمام,True,True,False,False,False,False,False,False,False,False,False,False
104474,apartment,۷۵۰۰۰۰ ,۱,۴,اصفهان- اصفهان,۸۵ متر زیربنا,۲۰۰ متر کل بنا,۱ اتاق,ظرفیت ۲ نفر,۱ تخت دو نفره,تخت یک نفره ندارد,۲ رخت‌خواب سنتی,۲ سرویس بهداشتی (ایرانی، فرنگی),۱ حمام,True,True,False,False,False,False,True,False,False,False,False,False
90528,hostel,۹۵۰۰۰ ,جدید,,اصفهان- اصفهان,۱۰۰ متر زیربنا,۲۰۰ متر کل بنا,۰ اتاق,ظرفیت ۳ نفر,تخت دو نفره ندارد,۳ تخت یک نفره,رخت‌خواب سنتی ندارد,۴ سرویس بهداشتی (ایرانی، فرنگی),۲ حمام,True,True,False,False,False,False,False,False,False,False,False,False
93770,ecotourism,۶۰۰۰۰۰ ,۱۰,۴.۳,اصفهان- اصفهان,۰ متر زیربنا,۰ متر کل بنا,۰ اتاق,ظرفیت ۴ نفر,۱ تخت دو نفره,۲ تخت یک نفره,رخت‌خواب سنتی ندارد,۱ سرویس بهداشتی (ایرانی، فرنگی),۱ حمام,True,True,False,False,False,False,False,False,False,False,False,False
90494,complex,۴۸۰۰۰۰ ,۳۷,۴.۳,اصفهان- اصفهان,۲۸ متر زیربنا,۵۹ متر کل بنا,۱ اتاق,ظرفیت ۴ نفر,تخت دو نفره ندارد,۲ تخت یک نفره,۲ رخت‌خواب سنتی,۲ سرویس بهداشتی (ایرانی، فرنگی),۱ حمام,True,False,False,False,False,False,False,False,False,False,False,False
104497,apartment,۷۸۰۰۰۰ ,۱,۵,اصفهان- اصفهان,۱۱۰ متر زیربنا,۱۱۰ متر کل بنا,۳ اتاق,ظرفیت ۲ نفر,۲ تخت دو نفره,۱ تخت یک نفره,۱ رخت‌خواب سنتی,۲ سرویس بهداشتی (ایرانی، فرنگی),۱ حمام,True,True,False,False,False,False,False,False,False,False,False,False
93025,hostel,۲۹۹۰۰۰ ,۳۲,۴.۵,اصفهان- اصفهان,۰ متر زیربنا,۰ متر کل بنا,۰ اتاق,ظرفیت ۴ نفر,۲ تخت دو نفره,تخت یک نفره ندارد,رخت‌خواب سنتی ندارد,۱ سرویس بهداشتی (ایرانی، فرنگی),۱ حمام,True,True,False,False,False,False,False,False,False,False,False,False
82188,traditional,۱۱۳۱۰۰۰ ,جدید,,اصفهان- اصفهان,۰ متر زیربنا,۰ متر کل بنا,۰ اتاق,ظرفیت تا ۳ نفر (۲ نفر پایه + تا ۱ نفر اضافه),۱ تخت دو نفره,تخت یک نفره ندارد,۱ رخت‌خواب سنتی,۱ سرویس بهداشتی (ایرانی، فرنگی),۱ حمام,True,False,False,False,False,False,True,False,False,False,False,False
104497,apartment,۷۸۰۰۰۰ ,۱,۵,اصفهان- اصفهان,۱۱۰ متر زیربنا,۱۱۰ متر کل بنا,۳ اتاق,ظرفیت ۲ نفر,۲ تخت دو نفره,۱ تخت یک نفره,۱ رخت‌خواب سنتی,۲ سرویس بهداشتی (ایرانی، فرنگی),۱ حمام,True,True,False,False,False,False,False,False,False,False,False,False
93006,hostel,۲۹۹۰۰۰ ,۳۴,۴.۴,اصفهان- اصفهان,۰ متر زیربنا,۰ متر کل بنا,۰ اتاق,ظرفیت ۲ نفر,۱ تخت دو نفره,تخت یک نفره ندارد,رخت‌خواب سنتی ندارد,۱ سرویس بهداشتی (ایرانی، فرنگی),۱ حمام,True,True,False,False,False,False,False,False,False,False,False,False
104450,apartment,۶۷۰۰۰۰ ,جدید,,اصفهان- اصفهان,۱۲۰ متر زیربنا,۱۲۰ متر کل بنا,۳ اتاق,ظرفیت ۲ نفر,۲ تخت دو نفره,۱ تخت یک نفره,۲ رخت‌خواب سنتی,۲ سرویس بهداشتی (ایرانی، فرنگی),۱ حمام,True,True,False,False,False,False,True,False,False,False,False,False
107239,villa,۶۰۰۰۰۰ ,۴,۴.۵,اصفهان- اصفهان,۲۵۰ متر زیربنا,۱۱۰۰ متر کل بنا,۲ اتاق,ظرفیت تا ۳۰ نفر (۶ نفر پایه + تا ۲۴ نفر اضافه),۳ تخت دو نفره,تخت یک نفره ندارد,۳ رخت‌خواب سنتی,۴ سرویس بهداشتی (ایرانی، فرنگی),۲ حمام,True,False,False,False,False,False,False,False,False,False,False,False
105646,suite,۳۵۰۰۰۰ ,۴,۴.۵,اصفهان- اصفهان,۱۲۰ متر زیربنا,۱۲۰ متر کل بنا,۲ اتاق,ظرفیت تا ۴ نفر (۲ نفر پایه + تا ۲ نفر اضافه),۲ تخت دو نفره,تخت یک نفره ندارد,۶ رخت‌خواب سنتی,۴ سرویس بهداشتی (ایرانی، فرنگی),۱ حمام,True,True,False,False,False,False,True,False,False,False,False,False
90499,ecotourism,۸۰۰۰۰۰ ,جدید,,اصفهان- اصفهان,۰ متر زیربنا,۰ متر کل بنا,۰ اتاق,ظرفیت ۶ نفر,تخت دو نفره ندارد,تخت یک نفره ندارد,رخت‌خواب سنتی ندارد,سرویس بهداشتی (ایرانی، فرنگی) ندارد,حمام ندارد,True,False,False,False,False,False,False,False,False,False,False,False
93016,hostel,۳۸۰۰۰۰ ,۳۲,۴.۵,اصفهان- اصفهان,۰ متر زیربنا,۰ متر کل بنا,۰ اتاق,ظرفیت ۲ نفر,۱ تخت دو نفره,تخت یک نفره ندارد,رخت‌خواب سنتی ندارد,۱ سرویس بهداشتی (ایرانی، فرنگی),۱ حمام,True,True,False,False,False,False,False,False,False,False,False,False
93001,hostel,۲۴۹۰۰۰ ,۳۲,۴.۵,اصفهان- اصفهان,۰ متر زیربنا,۰ متر کل بنا,۰ اتاق,ظرفیت ۲ نفر,۱ تخت دو نفره,تخت یک نفره ندارد,رخت‌خواب سنتی ندارد,۱ سرویس بهداشتی (ایرانی، فرنگی),۱ حمام,True,True,False,False,False,False,False,False,False,False,False,False
90483,complex,۲۲۰۰۰۰ ,۳۷,۴.۳,اصفهان- اصفهان,۲۸ متر زیربنا,۵۹ متر کل بنا,۰ اتاق,ظرفیت ۲ نفر,۱ تخت دو نفره,تخت یک نفره ندارد,۱ رخت‌خواب سنتی,۲ سرویس بهداشتی (ایرانی، فرنگی),حمام ندارد,True,False,False,False,False,False,False,False,False,False,False,False
93007,hostel,۷۵۰۰۰ ,۳۴,۴.۴,اصفهان- اصفهان,۰ متر زیربنا,۰ متر کل بنا,۰ اتاق,ظرفیت ۴ نفر,تخت دو نفره ندارد,۴ تخت یک نفره,رخت‌خواب سنتی ندارد,۲ سرویس بهداشتی (ایرانی، فرنگی),۱ حمام,True,True,False,False,False,False,False,False,False,False,False,False
103753,apartment,۹۰۰۰۰۰ ,جدید,,اصفهان- اصفهان,۹۰ متر زیربنا,۹۰ متر کل بنا,۲ اتاق,ظرفیت تا ۷ نفر (۴ نفر پایه + تا ۳ نفر اضافه),۲ تخت دو نفره,تخت یک نفره ندارد,۳ رخت‌خواب سنتی,۲ سرویس بهداشتی (ایرانی، فرنگی),۱ حمام,True,False,False,False,False,False,False,False,False,False,False,False
106811,apartment,۵۵۰۰۰۰ ,۴۰,۴.۸,اصفهان- اصفهان,۱۵۰ متر زیربنا,۴۰۰ متر کل بنا,۲ اتاق,ظرفیت تا ۸ نفر (۲ نفر پایه + تا ۶ نفر اضافه),۲ تخت دو نفره,تخت یک نفره ندارد,۶ رخت‌خواب سنتی,۲ سرویس بهداشتی (ایرانی، فرنگی),۱ حمام,True,True,False,False,False,False,False,False,False,False,False,False
90506,complex,۵۰۰۰۰۰ ,۴۰,۴.۴,اصفهان- اصفهان,۲۸ متر زیربنا,۵۹ متر کل بنا,۱ اتاق,ظرفیت تا ۶ نفر (۵ نفر پایه + تا ۱ نفر اضافه),۱ تخت دو نفره,۳ تخت یک نفره,رخت‌خواب سنتی ندارد,۲ سرویس بهداشتی (ایرانی، فرنگی),۱ حمام,True,False,False,False,False,False,False,False,False,False,False,False
90496,complex,۳۸۰۰۰۰ ,۳۸,۴.۳,اصفهان- اصفهان,۲۸ متر زیربنا,۵۹ متر کل بنا,۰ اتاق,ظرفیت تا ۴ نفر (۲ نفر پایه + تا ۲ نفر اضافه),۱ تخت دو نفره,تخت یک نفره ندارد,۲ رخت‌خواب سنتی,۲ سرویس بهداشتی (ایرانی، فرنگی),۱ حمام,True,False,False,False,False,False,False,False,False,False,False,False
106064,suite,۲۶۹۰۰۰ ,۱,۱,اصفهان- اصفهان,۱۰۰ متر زیربنا,۱۸۰ متر کل بنا,۱ اتاق,ظرفیت تا ۷ نفر (۳ نفر پایه + تا ۴ نفر اضافه),۱ تخت دو نفره,تخت یک نفره ندارد,۶ رخت‌خواب سنتی,۲ سرویس بهداشتی (ایرانی، فرنگی),۱ حمام,True,True,False,False,False,False,False,False,False,False,False,False
105670,suite,۳۵۰۰۰۰ ,۲,۳.۵,اصفهان- اصفهان,۱۱۰ متر زیربنا,۱۲۰ متر کل بنا,۲ اتاق,ظرفیت تا ۱۰ نفر (۲ نفر پایه + تا ۸ نفر اضافه),۲ تخت دو نفره,تخت یک نفره ندارد,۶ رخت‌خواب سنتی,۴ سرویس بهداشتی (ایرانی، فرنگی),۱ حمام,True,True,False,False,False,False,False,False,False,False,False,False
327989,hostel,۹۵۰۰۰ ,جدید,,اصفهان- اصفهان,۱۰۰ متر زیربنا,۲۰۰ متر کل بنا,۰ اتاق,ظرفیت ۸ نفر,تخت دو نفره ندارد,۸ تخت یک نفره,رخت‌خواب سنتی ندارد,۴ سرویس بهداشتی (ایرانی، فرنگی),۲ حمام,True,True,False,False,False,False,True,False,False,False,False,False
90530,hostel,۹۵۰۰۰ ,جدید,,اصفهان- اصفهان,۱۰۰ متر زیربنا,۲۰۰ متر کل بنا,۰ اتاق,ظرفیت ۷ نفر,تخت دو نفره ندارد,۷ تخت یک نفره,رخت‌خواب سنتی ندارد,۲ سرویس بهداشتی (ایرانی، فرنگی),۱ حمام,True,True,False,False,False,False,False,False,False,False,False,False
90486,complex,۲۰۰۰۰۰ ,۳۶,۴.۳,اصفهان- اصفهان,۲۸ متر زیربنا,۵۹ متر کل بنا,۰ اتاق,ظرفیت ۲ نفر,۱ تخت دو نفره,تخت یک نفره ندارد,رخت‌خواب سنتی ندارد,۲ سرویس بهداشتی (ایرانی، فرنگی),۱ حمام,True,False,False,False,False,False,False,False,False,False,False,False
105665,suite,۳۵۰۰۰۰ ,۱۲,۴.۵,اصفهان- اصفهان,۱۲۰ متر زیربنا,۱۲۰ متر کل بنا,۱ اتاق,ظرفیت تا ۹ نفر (۲ نفر پایه + تا ۷ نفر اضافه),۲ تخت دو نفره,تخت یک نفره ندارد,۶ رخت‌خواب سنتی,۴ سرویس بهداشتی (ایرانی، فرنگی),۱ حمام,True,True,False,False,False,False,True,False,False,False,False,False
90527,hostel,۹۵۰۰۰ ,جدید,,اصفهان- اصفهان,۱۰۰ متر زیربنا,۲۰۰ متر کل بنا,۰ اتاق,ظرفیت ۳ نفر,تخت دو نفره ندارد,۳ تخت یک نفره,رخت‌خواب سنتی ندارد,۴ سرویس بهداشتی (ایرانی، فرنگی),۲ حمام,True,True,False,False,False,False,False,False,False,False,False,False
90502,complex,۳۰۰۰۰۰ ,۳۸,۴.۳,اصفهان- اصفهان,۲۸ متر زیربنا,۵۹ متر کل بنا,۰ اتاق,ظرفیت تا ۴ نفر (۲ نفر پایه + تا ۲ نفر اضافه),تخت دو نفره ندارد,۲ تخت یک نفره,۲ رخت‌خواب سنتی,۲ سرویس بهداشتی (ایرانی، فرنگی),۱ حمام,True,False,False,False,False,False,False,False,False,False,False,False
333852,ecotourism,۱۷۰۰۰۰ ,جدید,,اصفهان- ورزنه,۱۲ متر زیربنا,۴۵۰ متر کل بنا,۰ اتاق,ظرفیت ۲ نفر,تخت دو نفره ندارد,۲ تخت یک نفره,رخت‌خواب سنتی ندارد,۱ سرویس بهداشتی (ایرانی، فرنگی),۱ حمام,True,True,False,False,False,False,False,False,False,False,False,False
102200,suite,۳۵۰۰۰۰ ,جدید,,اصفهان- اصفهان,۱۳۵ متر زیربنا,۲۱۰ متر کل بنا,۱ اتاق,ظرفیت تا ۳ نفر (۲ نفر پایه + تا ۱ نفر اضافه),۱ تخت دو نفره,تخت یک نفره ندارد,۱ رخت‌خواب سنتی,۱ سرویس بهداشتی (ایرانی، فرنگی),۱ حمام,True,True,False,False,False,False,True,False,False,False,False,False
327626,ecotourism,۲۰۰۰۰۰ ,جدید,,اصفهان- اصفهان,۱۵ متر زیربنا,۶۰۰ متر کل بنا,۰ اتاق,ظرفیت ۲ نفر,تخت دو نفره ندارد,۲ تخت یک نفره,۱ رخت‌خواب سنتی,۱ سرویس بهداشتی (ایرانی، فرنگی),۱ حمام,True,False,False,False,False,False,False,False,False,False,False,False
340085,villa,۲۰۰۰۰۰۰ ,جدید,,اصفهان- اصفهان,۲۰۰ متر زیربنا,۳۰۰۰ متر کل بنا,۱ اتاق,ظرفیت تا ۶ نفر (۴ نفر پایه + تا ۲ نفر اضافه),تخت دو نفره ندارد,تخت یک نفره ندارد,۶ رخت‌خواب سنتی,سرویس بهداشتی (ایرانی، فرنگی) ندارد,حمام ندارد,True,False,False,False,False,False,True,False,False,False,False,False
102243,apartment,۲۸۰۰۰۰ ,۱,۱,اصفهان- اصفهان,۸۰ متر زیربنا,۱۳۰ متر کل بنا,۱ اتاق,ظرفیت تا ۵ نفر (۲ نفر پایه + تا ۳ نفر اضافه),۱ تخت دو نفره,تخت یک نفره ندارد,۲ رخت‌خواب سنتی,۱ سرویس بهداشتی (ایرانی، فرنگی),۱ حمام,True,True,False,False,False,False,True,False,False,False,False,False
102190,villa,۲۵۰۰۰۰۰ ,جدید,,اصفهان- اصفهان,۱۲۰۰ متر زیربنا,۱۵۰۰ متر کل بنا,۳ اتاق,ظرفیت تا ۱۲ نفر (۶ نفر پایه + تا ۶ نفر اضافه),۳ تخت دو نفره,تخت یک نفره ندارد,۴ رخت‌خواب سنتی,۶ سرویس بهداشتی (ایرانی، فرنگی),۳ حمام,True,False,False,False,False,False,True,False,False,False,False,False
331950,apartment,۲۵۰۰۰۰ ,۱,۴,اصفهان- اصفهان,۱۰۰ متر زیربنا,۱۰۰ متر کل بنا,۲ اتاق,ظرفیت تا ۸ نفر (۴ نفر پایه + تا ۴ نفر اضافه),۲ تخت دو نفره,تخت یک نفره ندارد,۱ رخت‌خواب سنتی,۲ سرویس بهداشتی (ایرانی، فرنگی),۱ حمام,True,True,False,False,False,False,False,False,False,False,False,False
337105,ecotourism,۲۲۰۰۰۰ ,جدید,,اصفهان- نجف آباد,۲۰ متر زیربنا,۲۶۹ متر کل بنا,۰ اتاق,ظرفیت تا ۴ نفر (۲ نفر پایه + تا ۲ نفر اضافه),تخت دو نفره ندارد,۱ تخت یک نفره,۳ رخت‌خواب سنتی,سرویس بهداشتی (ایرانی، فرنگی) ندارد,حمام ندارد,True,False,False,False,False,False,False,False,False,False,False,False
333850,ecotourism,۱۷۰۰۰۰ ,جدید,,اصفهان- ورزنه,۱۱ متر زیربنا,۴۵۰ متر کل بنا,۰ اتاق,ظرفیت ۲ نفر,تخت دو نفره ندارد,۲ تخت یک نفره,رخت‌خواب سنتی ندارد,۱ سرویس بهداشتی (ایرانی، فرنگی),۱ حمام,True,True,False,False,False,False,False,False,False,False,False,False
333851,ecotourism,۱۷۰۰۰۰ ,جدید,,اصفهان- ورزنه,۱۲ متر زیربنا,۴۵۰ متر کل بنا,۰ اتاق,ظرفیت ۲ نفر,تخت دو نفره ندارد,۲ تخت یک نفره,رخت‌خواب سنتی ندارد,۱ سرویس بهداشتی (ایرانی، فرنگی),۱ حمام,True,True,False,False,False,False,False,False,False,False,False,False
326816,ecotourism,۱۲۰۰۰۰ ,جدید,,اصفهان- اردستان,۲۰ متر زیربنا,۴۰۰ متر کل بنا,۰ اتاق,ظرفیت ۲ نفر,تخت دو نفره ندارد,تخت یک نفره ندارد,۶ رخت‌خواب سنتی,۱ سرویس بهداشتی (ایرانی، فرنگی),۱ حمام,True,False,False,False,False,False,False,False,False,False,False,False
326817,ecotourism,۱۲۰۰۰۰ ,جدید,,اصفهان- اردستان,۲۰ متر زیربنا,۴۰۰ متر کل بنا,۰ اتاق,ظرفیت ۲ نفر,تخت دو نفره ندارد,تخت یک نفره ندارد,۶ رخت‌خواب سنتی,۲ سرویس بهداشتی (ایرانی، فرنگی),۱ حمام,True,False,False,False,False,False,False,False,False,False,False,False
106339,suite,۲۰۰۰۰۰ ,جدید,,اصفهان- اصفهان,۵۲ متر زیربنا,۵۲ متر کل بنا,۱ اتاق,ظرفیت تا ۴ نفر (۲ نفر پایه + تا ۲ نفر اضافه),۱ تخت دو نفره,تخت یک نفره ندارد,۱ رخت‌خواب سنتی,۲ سرویس بهداشتی (ایرانی، فرنگی),۱ حمام,True,True,False,False,False,False,False,False,False,False,False,False
335908,apartment,۷۵۰۰۰۰ ,جدید,,اصفهان- اصفهان,۷۵ متر زیربنا,۷۵ متر کل بنا,۱ اتاق,ظرفیت تا ۳ نفر (۲ نفر پایه + تا ۱ نفر اضافه),۱ تخت دو نفره,تخت یک نفره ندارد,رخت‌خواب سنتی ندارد,۱ سرویس بهداشتی (ایرانی، فرنگی),۱ حمام,True,True,False,False,False,False,False,False,False,False,False,False
332667,ecotourism,۱۰۰۰۰۰ ,جدید,,اصفهان- کاشان,۴۲۰ متر زیربنا,۶۳۰ متر کل بنا,۰ اتاق,ظرفیت ۴ نفر,تخت دو نفره ندارد,تخت یک نفره ندارد,۷ رخت‌خواب سنتی,۲ سرویس بهداشتی (ایرانی، فرنگی),۱ حمام,True,False,False,False,False,False,False,False,False,False,False,False
337103,ecotourism,۲۲۰۰۰۰ ,جدید,,اصفهان- نجف آباد,۲۰ متر زیربنا,۲۶۹ متر کل بنا,۰ اتاق,ظرفیت تا ۴ نفر (۲ نفر پایه + تا ۲ نفر اضافه),۲ تخت دو نفره,تخت یک نفره ندارد,۲ رخت‌خواب سنتی,۱ سرویس بهداشتی (ایرانی، فرنگی),۱ حمام,True,False,False,False,False,False,False,False,False,False,False,False
337104,ecotourism,۲۲۰۰۰۰ ,جدید,,اصفهان- نجف آباد,۲۰ متر زیربنا,۲۶۹ متر کل بنا,۰ اتاق,ظرفیت تا ۴ نفر (۲ نفر پایه + تا ۲ نفر اضافه),۱ تخت دو نفره,تخت یک نفره ندارد,۲ رخت‌خواب سنتی,سرویس بهداشتی (ایرانی، فرنگی) ندارد,حمام ندارد,True,False,False,False,False,False,False,False,False,False,False,False
324655,apartment,۱۲۰۰۰۰ ,۲,۴.۵,اصفهان- اصفهان,۵۰ متر زیربنا,۶۵ متر کل بنا,۱ اتاق,ظرفیت تا ۴ نفر (۲ نفر پایه + تا ۲ نفر اضافه),۱ تخت دو نفره,تخت یک نفره ندارد,۲ رخت‌خواب سنتی,۱ سرویس بهداشتی (ایرانی، فرنگی),۱ حمام,True,True,False,False,False,False,True,False,False,False,False,False
93398,ecotourism,۱۸۰۰۰۰ ,۲,۴.۹,اصفهان- خور و بیابانک,۱۲ متر زیربنا,۸۰۰ متر کل بنا,۰ اتاق,ظرفیت ۲ نفر,تخت دو نفره ندارد,۲ تخت یک نفره,۲ رخت‌خواب سنتی,۱ سرویس بهداشتی (ایرانی، فرنگی),۱ حمام,True,False,False,False,False,False,False,False,False,False,False,False
332669,ecotourism,۷۰۰۰۰ ,جدید,,اصفهان- کاشان,۴۲۰ متر زیربنا,۶۳۰ متر کل بنا,۰ اتاق,ظرفیت ۱ نفر,تخت دو نفره ندارد,تخت یک نفره ندارد,۳ رخت‌خواب سنتی,۱ سرویس بهداشتی (ایرانی، فرنگی),۱ حمام,True,False,False,False,False,False,False,False,False,False,False,False
332668,ecotourism,۱۰۰۰۰۰ ,جدید,,اصفهان- کاشان,۴۲۰ متر زیربنا,۶۳۰ متر کل بنا,۰ اتاق,ظرفیت ۴ نفر,تخت دو نفره ندارد,تخت یک نفره ندارد,۷ رخت‌خواب سنتی,۱ سرویس بهداشتی (ایرانی، فرنگی),۱ حمام,True,False,False,False,False,False,False,False,False,False,False,False
332672,ecotourism,۱۰۰۰۰۰ ,جدید,,اصفهان- کاشان,۴۲۰ متر زیربنا,۶۳۰ متر کل بنا,۰ اتاق,ظرفیت ۴ نفر,تخت دو نفره ندارد,تخت یک نفره ندارد,۷ رخت‌خواب سنتی,۱ سرویس بهداشتی (ایرانی، فرنگی),۱ حمام,True,False,False,False,False,False,False,False,False,False,False,False
332670,ecotourism,۱۰۰۰۰۰ ,جدید,,اصفهان- کاشان,۴۲۰ متر زیربنا,۶۳۰ متر کل بنا,۰ اتاق,ظرفیت ۱ نفر,تخت دو نفره ندارد,تخت یک نفره ندارد,۱ رخت‌خواب سنتی,۱ سرویس بهداشتی (ایرانی، فرنگی),۱ حمام,True,False,False,False,False,False,False,False,False,False,False,False
332671,ecotourism,۱۰۰۰۰۰ ,جدید,,اصفهان- کاشان,۴۲۰ متر زیربنا,۶۳۰ متر کل بنا,۰ اتاق,ظرفیت ۴ نفر,تخت دو نفره ندارد,تخت یک نفره ندارد,۷ رخت‌خواب سنتی,۱ سرویس بهداشتی (ایرانی، فرنگی),۱ حمام,True,False,False,False,False,False,False,False,False,False,False,False
93393,ecotourism,۱۸۰۰۰۰ ,۲,۴.۹,اصفهان- خور و بیابانک,۲۴ متر زیربنا,۸۰۰ متر کل بنا,۰ اتاق,ظرفیت ۳ نفر,تخت دو نفره ندارد,تخت یک نفره ندارد,۳ رخت‌خواب سنتی,۱ سرویس بهداشتی (ایرانی، فرنگی),۱ حمام,True,False,False,False,False,False,False,False,False,False,False,False
93402,ecotourism,۱۶۰۰۰۰ ,۲,۴.۹,اصفهان- خور و بیابانک,۲۰ متر زیربنا,۸۰۰ متر کل بنا,۰ اتاق,ظرفیت ۴ نفر,تخت دو نفره ندارد,تخت یک نفره ندارد,۴ رخت‌خواب سنتی,۱ سرویس بهداشتی (ایرانی، فرنگی),۱ حمام,True,False,False,False,False,False,False,False,False,False,False,False
93392,ecotourism,۱۸۰۰۰۰ ,۲,۴.۹,اصفهان- خور و بیابانک,۱۴ متر زیربنا,۸۰۰ متر کل بنا,۰ اتاق,ظرفیت ۳ نفر,تخت دو نفره ندارد,تخت یک نفره ندارد,۳ رخت‌خواب سنتی,۱ سرویس بهداشتی (ایرانی، فرنگی),۱ حمام,True,False,False,False,False,False,False,False,False,False,False,False
93399,ecotourism,۱۸۰۰۰۰ ,۲,۴.۹,اصفهان- خور و بیابانک,۱۴ متر زیربنا,۸۰۰ متر کل بنا,۰ اتاق,ظرفیت ۳ نفر,۱ تخت دو نفره,تخت یک نفره ندارد,۳ رخت‌خواب سنتی,۱ سرویس بهداشتی (ایرانی، فرنگی),۱ حمام,True,False,False,False,False,False,False,False,False,False,False,False
80557,ecotourism,۴۵۰۰۰۰ ,جدید,,اصفهان- نطنز,۲۲ متر زیربنا,۸۵۰ متر کل بنا,۰ اتاق,ظرفیت ۵ نفر,تخت دو نفره ندارد,تخت یک نفره ندارد,رخت‌خواب سنتی ندارد,سرویس بهداشتی (ایرانی، فرنگی) ندارد,حمام ندارد,True,False,False,False,False,False,True,False,False,False,False,False
80558,ecotourism,۵۴۰۰۰۰ ,جدید,,اصفهان- نطنز,۲۵ متر زیربنا,۸۵۰ متر کل بنا,۰ اتاق,ظرفیت تا ۶ نفر (۵ نفر پایه + تا ۱ نفر اضافه),تخت دو نفره ندارد,تخت یک نفره ندارد,۵ رخت‌خواب سنتی,۲ سرویس بهداشتی (ایرانی، فرنگی),۱ حمام,True,False,False,False,False,False,True,False,False,False,False,False
86968,ecotourism,۳۶۰۰۰۰ ,جدید,,اصفهان- نطنز,۰ متر زیربنا,۰ متر کل بنا,۰ اتاق,ظرفیت ۵ نفر,تخت دو نفره ندارد,تخت یک نفره ندارد,رخت‌خواب سنتی ندارد,سرویس بهداشتی (ایرانی، فرنگی) ندارد,حمام ندارد,True,False,False,False,False,False,False,False,False,False,False,False
86973,ecotourism,۳۶۰۰۰۰ ,جدید,,اصفهان- نطنز,۰ متر زیربنا,۰ متر کل بنا,۰ اتاق,ظرفیت ۴ نفر,تخت دو نفره ندارد,تخت یک نفره ندارد,رخت‌خواب سنتی ندارد,سرویس بهداشتی (ایرانی، فرنگی) ندارد,حمام ندارد,True,False,False,False,False,False,False,False,False,False,False,False
86972,ecotourism,۳۶۰۰۰۰ ,۱,۴,اصفهان- نطنز,۰ متر زیربنا,۰ متر کل بنا,۰ اتاق,ظرفیت ۴ نفر,تخت دو نفره ندارد,تخت یک نفره ندارد,رخت‌خواب سنتی ندارد,سرویس بهداشتی (ایرانی، فرنگی) ندارد,حمام ندارد,True,False,False,False,False,False,False,False,False,False,False,False
80561,ecotourism,۲۵۰۰۰۰ ,جدید,,اصفهان- نطنز,۱۲ متر زیربنا,۸۵۰ متر کل بنا,۰ اتاق,ظرفیت ۲ نفر,تخت دو نفره ندارد,تخت یک نفره ندارد,۳ رخت‌خواب سنتی,۲ سرویس بهداشتی (ایرانی، فرنگی),۱ حمام,True,False,False,False,False,False,True,False,False,False,False,False
80559,ecotourism,۴۰۰۰۰۰ ,جدید,,اصفهان- نطنز,۰ متر زیربنا,۰ متر کل بنا,۰ اتاق,ظرفیت ۴ نفر,تخت دو نفره ندارد,تخت یک نفره ندارد,۵ رخت‌خواب سنتی,۲ سرویس بهداشتی (ایرانی، فرنگی),۱ حمام,True,False,False,False,False,False,True,False,False,False,False,False
333494,ecotourism,۴۰۰۰۰۰ ,جدید,,اصفهان- نطنز,۱۵ متر زیربنا,۸۵۰ متر کل بنا,۰ اتاق,ظرفیت ۴ نفر,تخت دو نفره ندارد,تخت یک نفره ندارد,۴ رخت‌خواب سنتی,۱ سرویس بهداشتی (ایرانی، فرنگی),۱ حمام,True,False,False,False,False,False,True,False,False,False,False,False
80560,ecotourism,۳۰۰۰۰۰ ,جدید,,اصفهان- نطنز,۱۲ متر زیربنا,۸۵۰ متر کل بنا,۰ اتاق,ظرفیت ۲ نفر,تخت دو نفره ندارد,تخت یک نفره ندارد,۳ رخت‌خواب سنتی,۲ سرویس بهداشتی (ایرانی، فرنگی),۱ حمام,True,False,False,False,False,False,True,False,False,False,False,False
333493,ecotourism,۲۵۰۰۰۰ ,جدید,,اصفهان- نطنز,۱۲ متر زیربنا,۸۵۰ متر کل بنا,۰ اتاق,ظرفیت ۲ نفر,تخت دو نفره ندارد,تخت یک نفره ندارد,۲ رخت‌خواب سنتی,۱ سرویس بهداشتی (ایرانی، فرنگی),۱ حمام,True,False,False,False,False,False,True,False,False,False,False,False
86964,ecotourism,۳۶۰۰۰۰ ,جدید,,اصفهان- نطنز,۰ متر زیربنا,۰ متر کل بنا,۰ اتاق,ظرفیت ۴ نفر,تخت دو نفره ندارد,تخت یک نفره ندارد,رخت‌خواب سنتی ندارد,سرویس بهداشتی (ایرانی، فرنگی) ندارد,حمام ندارد,True,False,False,False,False,False,False,False,False,False,False,False
86978,ecotourism,۳۶۰۰۰۰ ,جدید,,اصفهان- نطنز,۰ متر زیربنا,۰ متر کل بنا,۰ اتاق,ظرفیت ۴ نفر,تخت دو نفره ندارد,تخت یک نفره ندارد,رخت‌خواب سنتی ندارد,سرویس بهداشتی (ایرانی، فرنگی) ندارد,حمام ندارد,True,False,False,False,False,False,False,False,False,False,False,False
86971,ecotourism,۳۶۰۰۰۰ ,جدید,,اصفهان- نطنز,۰ متر زیربنا,۰ متر کل بنا,۰ اتاق,ظرفیت ۵ نفر,تخت دو نفره ندارد,تخت یک نفره ندارد,رخت‌خواب سنتی ندارد,سرویس بهداشتی (ایرانی، فرنگی) ندارد,حمام ندارد,True,False,False,False,False,False,False,False,False,False,False,False
109329,suite,۲۵۰۰۰۰ ,۱۱,۴.۳,اصفهان- کاشان,۸۰ متر زیربنا,۱۰۰ متر کل بنا,۱ اتاق,ظرفیت ۲ نفر,۱ تخت دو نفره,تخت یک نفره ندارد,۱ رخت‌خواب سنتی,۲ سرویس بهداشتی (ایرانی، فرنگی),۱ حمام,True,True,False,False,False,False,False,False,False,False,False,False
93336,traditional,۳۰۰۰۰۰ ,۱,۴.۲,اصفهان- نطنز,۱۸ متر زیربنا,۵۰۰ متر کل بنا,۰ اتاق,ظرفیت ۶ نفر,تخت دو نفره ندارد,تخت یک نفره ندارد,۶ رخت‌خواب سنتی,۱ سرویس بهداشتی (ایرانی، فرنگی),۱ حمام,True,False,False,False,False,False,False,False,False,False,False,False
93339,traditional,۲۸۰۰۰۰ ,۱,۴.۲,اصفهان- نطنز,۱۲ متر زیربنا,۵۰۰ متر کل بنا,۰ اتاق,ظرفیت ۴ نفر,تخت دو نفره ندارد,تخت یک نفره ندارد,۴ رخت‌خواب سنتی,۱ سرویس بهداشتی (ایرانی، فرنگی),۱ حمام,True,False,False,False,False,False,False,False,False,False,False,False
93343,traditional,۲۴۰۰۰۰ ,۱,۴.۲,اصفهان- نطنز,۱۲ متر زیربنا,۵۰۰ متر کل بنا,۰ اتاق,ظرفیت ۴ نفر,تخت دو نفره ندارد,تخت یک نفره ندارد,۴ رخت‌خواب سنتی,۱ سرویس بهداشتی (ایرانی، فرنگی),۱ حمام,True,False,False,False,False,False,False,False,False,False,False,False
93342,traditional,۳۵۰۰۰۰ ,۱,۴.۲,اصفهان- نطنز,۱۶ متر زیربنا,۵۰۰ متر کل بنا,۰ اتاق,ظرفیت ۵ نفر,تخت دو نفره ندارد,تخت یک نفره ندارد,۵ رخت‌خواب سنتی,۲ سرویس بهداشتی (ایرانی، فرنگی),۱ حمام,True,False,False,False,False,False,False,False,False,False,False,False
93338,traditional,۷۰۰۰۰ ,۱,۴.۲,اصفهان- نطنز,۸ متر زیربنا,۵۰۰ متر کل بنا,۰ اتاق,ظرفیت ۲ نفر,تخت دو نفره ندارد,تخت یک نفره ندارد,۲ رخت‌خواب سنتی,۱ سرویس بهداشتی (ایرانی، فرنگی),۱ حمام,True,False,False,False,False,False,False,False,False,False,False,False
93345,traditional,۲۸۰۰۰۰ ,۱,۴.۲,اصفهان- نطنز,۱۴ متر زیربنا,۵۰۰ متر کل بنا,۰ اتاق,ظرفیت ۴ نفر,تخت دو نفره ندارد,تخت یک نفره ندارد,۴ رخت‌خواب سنتی,۱ سرویس بهداشتی (ایرانی، فرنگی),۱ حمام,True,False,False,False,False,False,False,False,False,False,False,False
106590,suite,۱۸۰۰۰۰ ,۵,۲.۸,اصفهان- کاشان,۱۰۰ متر زیربنا,۱۲۰ متر کل بنا,۲ اتاق,ظرفیت تا ۷ نفر (۶ نفر پایه + تا ۱ نفر اضافه),۳ تخت دو نفره,تخت یک نفره ندارد,رخت‌خواب سنتی ندارد,۲ سرویس بهداشتی (ایرانی، فرنگی),۱ حمام,True,True,False,False,False,False,True,False,False,False,False,False
87979,ecotourism,۱۷۰۰۰۰ ,جدید,,چهارمحال و بختیاری- بروجن,۱۰۰ متر زیربنا,۶۳۰ متر کل بنا,۰ اتاق,ظرفیت ۵ نفر,تخت دو نفره ندارد,تخت یک نفره ندارد,۸ رخت‌خواب سنتی,۲ سرویس بهداشتی (ایرانی، فرنگی),۱ حمام,True,True,False,False,False,False,False,False,False,False,False,False
87972,ecotourism,۱۷۰۰۰۰ ,جدید,,چهارمحال و بختیاری- بروجن,۱۳۰ متر زیربنا,۶۳۰ متر کل بنا,۲ اتاق,ظرفیت ۲۰ نفر,تخت دو نفره ندارد,۴ تخت یک نفره,۲۱ رخت‌خواب سنتی,۲ سرویس بهداشتی (ایرانی، فرنگی),۱ حمام,True,True,False,False,False,False,False,False,False,False,False,False
84848,traditional,۵۴۳۰۰۰ ,۷,۴.۵,اصفهان- کاشان,۰ متر زیربنا,۰ متر کل بنا,۰ اتاق,ظرفیت ۲ نفر,تخت دو نفره ندارد,تخت یک نفره ندارد,رخت‌خواب سنتی ندارد,سرویس بهداشتی (ایرانی، فرنگی) ندارد,حمام ندارد,True,False,False,False,False,False,False,False,False,False,False,False
85376,traditional,۸۸۰۰۰۰ ,۲,۳.۹,اصفهان- کاشان,۰ متر زیربنا,۰ متر کل بنا,۰ اتاق,ظرفیت ۵ نفر,۱ تخت دو نفره,۳ تخت یک نفره,رخت‌خواب سنتی ندارد,۲ سرویس بهداشتی (ایرانی، فرنگی),۱ حمام,True,False,True,False,False,False,False,False,False,False,False,False
86375,ecotourism,۲۰۰۰۰۰ ,۱,۳,اصفهان- نطنز,۰ متر زیربنا,۰ متر کل بنا,۰ اتاق,ظرفیت ۴ نفر,تخت دو نفره ندارد,تخت یک نفره ندارد,رخت‌خواب سنتی ندارد,سرویس بهداشتی (ایرانی، فرنگی) ندارد,حمام ندارد,True,False,False,False,False,False,False,False,False,False,False,False
86389,ecotourism,۱۰۰۰۰۰ ,۱,۳,اصفهان- نطنز,۰ متر زیربنا,۰ متر کل بنا,۰ اتاق,ظرفیت ۲ نفر,تخت دو نفره ندارد,تخت یک نفره ندارد,رخت‌خواب سنتی ندارد,سرویس بهداشتی (ایرانی، فرنگی) ندارد,حمام ندارد,True,False,False,False,False,False,False,False,False,False,False,False
86567,ecotourism,۲۰۰۰۰۰ ,۱,۴.۸,اصفهان- کاشان,۱۲ متر زیربنا,۴۰۰ متر کل بنا,۰ اتاق,ظرفیت ۲ نفر,۱ تخت دو نفره,تخت یک نفره ندارد,رخت‌خواب سنتی ندارد,۱ سرویس بهداشتی (ایرانی، فرنگی),۱ حمام,True,False,False,False,False,False,False,False,False,False,False,False
85421,traditional,۱۳۷۵۰۰۰ ,۲,۳.۹,اصفهان- کاشان,۰ متر زیربنا,۰ متر کل بنا,۰ اتاق,ظرفیت ۵ نفر,تخت دو نفره ندارد,۵ تخت یک نفره,رخت‌خواب سنتی ندارد,۱ سرویس بهداشتی (ایرانی، فرنگی),۱ حمام,True,False,True,False,False,False,False,False,False,False,False,False
84850,traditional,۴۰۰۰۰۰ ,۷,۴.۵,اصفهان- کاشان,۰ متر زیربنا,۰ متر کل بنا,۰ اتاق,ظرفیت ۲ نفر,۱ تخت دو نفره,تخت یک نفره ندارد,رخت‌خواب سنتی ندارد,۱ سرویس بهداشتی (ایرانی، فرنگی),۱ حمام,True,False,False,False,False,False,False,False,False,False,False,False
94036,ecotourism,۳۲۰۰۰۰ ,۱۵,۴.۵,اصفهان- کاشان,۰ متر زیربنا,۰ متر کل بنا,۰ اتاق,ظرفیت ۳ نفر,۱ تخت دو نفره,۱ تخت یک نفره,رخت‌خواب سنتی ندارد,۲ سرویس بهداشتی (ایرانی، فرنگی),۱ حمام,True,False,False,False,False,False,False,False,False,False,False,False
94034,ecotourism,۱۹۵۰۰۰ ,۱۵,۴.۵,اصفهان- کاشان,۰ متر زیربنا,۰ متر کل بنا,۰ اتاق,ظرفیت ۲ نفر,۱ تخت دو نفره,تخت یک نفره ندارد,رخت‌خواب سنتی ندارد,۲ سرویس بهداشتی (ایرانی، فرنگی),۱ حمام,True,False,False,False,False,False,False,False,False,False,False,False
93916,complex,۳۷۰۰۰۰ ,۱۳,۴,اصفهان- کاشان,۱۵ متر زیربنا,۴۵۰ متر کل بنا,۰ اتاق,ظرفیت تا ۳ نفر (۲ نفر پایه + تا ۱ نفر اضافه),تخت دو نفره ندارد,۲ تخت یک نفره,رخت‌خواب سنتی ندارد,۱ سرویس بهداشتی (ایرانی، فرنگی),۱ حمام,True,False,False,False,False,False,False,False,False,False,False,False
93923,complex,۵۷۰۰۰۰ ,۱۳,۴,اصفهان- کاشان,۱۵ متر زیربنا,۴۵۰ متر کل بنا,۰ اتاق,ظرفیت تا ۵ نفر (۳ نفر پایه + تا ۲ نفر اضافه),۱ تخت دو نفره,۱ تخت یک نفره,رخت‌خواب سنتی ندارد,۱ سرویس بهداشتی (ایرانی، فرنگی),۱ حمام,True,False,False,False,False,False,False,False,False,False,False,False
324010,apartment,۳۰۰۰۰۰ ,جدید,,اصفهان- کاشان,۸۰ متر زیربنا,۸۰ متر کل بنا,۱ اتاق,ظرفیت تا ۴ نفر (۳ نفر پایه + تا ۱ نفر اضافه),۲ تخت دو نفره,تخت یک نفره ندارد,۴ رخت‌خواب سنتی,۲ سرویس بهداشتی (ایرانی، فرنگی),۱ حمام,True,True,False,False,False,False,True,False,False,False,False,False
324154,suite,۷۰۰۰۰۰ ,جدید,,اصفهان- بهارستان,۵۰ متر زیربنا,۱۴۰۰ متر کل بنا,۰ اتاق,ظرفیت تا ۳۱ نفر (۲ نفر پایه + تا ۲۹ نفر اضافه),تخت دو نفره ندارد,تخت یک نفره ندارد,رخت‌خواب سنتی ندارد,۲ سرویس بهداشتی (ایرانی، فرنگی),۱ حمام,True,False,False,False,False,False,False,False,False,False,False,False
82387,traditional,۴۰۰۰۰۰ ,جدید,,اصفهان- نطنز,۲۰ متر زیربنا,۸۵۰ متر کل بنا,۰ اتاق,ظرفیت تا ۵ نفر (۴ نفر پایه + تا ۱ نفر اضافه),تخت دو نفره ندارد,۲ تخت یک نفره,۴ رخت‌خواب سنتی,۱ سرویس بهداشتی (ایرانی، فرنگی),۱ حمام,True,False,False,False,False,False,False,False,False,False,False,False
82562,traditional,۳۰۰۰۰۰ ,جدید,,اصفهان- کاشان,۲۰ متر زیربنا,۳۲۰ متر کل بنا,۰ اتاق,ظرفیت تا ۵ نفر (۳ نفر پایه + تا ۲ نفر اضافه),تخت دو نفره ندارد,تخت یک نفره ندارد,۵ رخت‌خواب سنتی,۱ سرویس بهداشتی (ایرانی، فرنگی),۱ حمام,True,True,False,False,False,False,False,False,False,False,False,False
82571,traditional,۳۰۰۰۰۰ ,جدید,,اصفهان- کاشان,۲۵ متر زیربنا,۳۲۰ متر کل بنا,۰ اتاق,ظرفیت تا ۷ نفر (۳ نفر پایه + تا ۴ نفر اضافه),تخت دو نفره ندارد,تخت یک نفره ندارد,۷ رخت‌خواب سنتی,۲ سرویس بهداشتی (ایرانی، فرنگی),۱ حمام,True,True,False,False,False,False,False,False,False,False,False,False
81676,traditional,۴۸۹۰۰۰ ,جدید,,اصفهان- کاشان,۹ متر زیربنا,۱۵۰۰ متر کل بنا,۰ اتاق,ظرفیت ۲ نفر,۱ تخت دو نفره,تخت یک نفره ندارد,رخت‌خواب سنتی ندارد,۱ سرویس بهداشتی (ایرانی، فرنگی),۱ حمام,True,False,False,False,False,False,False,False,False,False,False,False
89771,ecotourism,۳۰۰۰۰۰ ,۳,۴.۶,اصفهان- کاشان,۰ متر زیربنا,۰ متر کل بنا,۰ اتاق,ظرفیت ۳ نفر,۱ تخت دو نفره,۱ تخت یک نفره,رخت‌خواب سنتی ندارد,۱ سرویس بهداشتی (ایرانی، فرنگی),۱ حمام,True,False,True,False,False,False,False,False,False,False,False,False
89944,traditional,۳۲۰۰۰۰ ,جدید,,اصفهان- کاشان,۰ متر زیربنا,۰ متر کل بنا,۰ اتاق,ظرفیت ۳ نفر,۱ تخت دو نفره,۱ تخت یک نفره,رخت‌خواب سنتی ندارد,۱ سرویس بهداشتی (ایرانی، فرنگی),۱ حمام,True,False,False,False,False,False,True,False,False,False,False,False
91009,traditional,۳۰۰۰۰۰ ,۶,۴.۵,اصفهان- کاشان,۱۲ متر زیربنا,۷۰۰ متر کل بنا,۰ اتاق,ظرفیت تا ۴ نفر (۳ نفر پایه + تا ۱ نفر اضافه),۱ تخت دو نفره,۱ تخت یک نفره,۱ رخت‌خواب سنتی,۱ سرویس بهداشتی (ایرانی، فرنگی),۱ حمام,True,False,False,False,False,False,False,False,False,False,False,False
91007,traditional,۲۵۰۰۰۰ ,۶,۴.۵,اصفهان- کاشان,۱۲ متر زیربنا,۷۰۰ متر کل بنا,۰ اتاق,ظرفیت تا ۳ نفر (۲ نفر پایه + تا ۱ نفر اضافه),تخت دو نفره ندارد,۲ تخت یک نفره,۱ رخت‌خواب سنتی,سرویس بهداشتی (ایرانی، فرنگی) ندارد,۱ حمام,True,False,False,False,False,False,False,False,False,False,False,False
92603,traditional,۲۶۹۰۰۰ ,۱,۲,اصفهان- کاشان,۰ متر زیربنا,۰ متر کل بنا,۰ اتاق,ظرفیت ۲ نفر,تخت دو نفره ندارد,۲ تخت یک نفره,رخت‌خواب سنتی ندارد,۱ سرویس بهداشتی (ایرانی، فرنگی),۱ حمام,True,False,False,False,False,False,False,False,False,False,False,False
92614,traditional,۷۸۸۰۰۰ ,جدید,,اصفهان- کاشان,۰ متر زیربنا,۰ متر کل بنا,۰ اتاق,ظرفیت ۳ نفر,۱ تخت دو نفره,۱ تخت یک نفره,رخت‌خواب سنتی ندارد,۱ سرویس بهداشتی (ایرانی، فرنگی),۱ حمام,True,False,False,False,False,False,False,False,False,False,False,False
91037,ecotourism,۴۴۰۰۰۰ ,۱,۱.۶,اصفهان- ورزنه,۰ متر زیربنا,۰ متر کل بنا,۰ اتاق,ظرفیت ۴ نفر,۱ تخت دو نفره,۲ تخت یک نفره,رخت‌خواب سنتی ندارد,۱ سرویس بهداشتی (ایرانی، فرنگی),۱ حمام,True,False,False,False,False,False,False,False,False,False,False,False
325895,traditional,۷۵۰۰۰۰ ,جدید,,اصفهان- آران و بیدگل,۲۰ متر زیربنا,۷۰۰ متر کل بنا,۰ اتاق,ظرفیت تا ۵ نفر (۴ نفر پایه + تا ۱ نفر اضافه),۱ تخت دو نفره,۲ تخت یک نفره,۱ رخت‌خواب سنتی,۱ سرویس بهداشتی (ایرانی، فرنگی),۱ حمام,True,False,False,False,False,False,False,False,False,False,False,False
328994,suite,۳۵۰۰۰۰ ,جدید,,اصفهان- کاشان,۸۰ متر زیربنا,۱۵۰ متر کل بنا,۲ اتاق,ظرفیت تا ۵ نفر (۴ نفر پایه + تا ۱ نفر اضافه),۲ تخت دو نفره,تخت یک نفره ندارد,۶ رخت‌خواب سنتی,۲ سرویس بهداشتی (ایرانی، فرنگی),۱ حمام,True,False,False,False,False,False,False,False,False,False,False,False
107920,suite,۱۰۰۰۰۰ ,۳,۳.۳,اصفهان- کاشان,۴۰ متر زیربنا,۴۰ متر کل بنا,۱ اتاق,ظرفیت تا ۷ نفر (۴ نفر پایه + تا ۳ نفر اضافه),۱ تخت دو نفره,۱ تخت یک نفره,۲ رخت‌خواب سنتی,۲ سرویس بهداشتی (ایرانی، فرنگی),۱ حمام,True,True,False,False,False,False,False,False,False,False,False,False
81974,carvansara,۸۴۰۰۰۰ ,جدید,,اصفهان- خوانسار,۰ متر زیربنا,۰ متر کل بنا,۲ اتاق,ظرفیت ۴ نفر,۱ تخت دو نفره,۲ تخت یک نفره,رخت‌خواب سنتی ندارد,۳ سرویس بهداشتی (ایرانی، فرنگی),۲ حمام,True,False,False,False,False,False,False,False,False,False,False,False
93807,complex,۱۱۱۰۰۰۰ ,۲,۴.۳,اصفهان- خوانسار,۰ متر زیربنا,۰ متر کل بنا,۰ اتاق,ظرفیت ۷ نفر,۲ تخت دو نفره,۳ تخت یک نفره,رخت‌خواب سنتی ندارد,۲ سرویس بهداشتی (ایرانی، فرنگی),۱ حمام,True,False,False,False,False,False,False,False,False,False,False,False
339250,carvansara,۵۲۰۰۰۰ ,جدید,,اصفهان- کاشان,۳۰ متر زیربنا,۵۰۰۰۰ متر کل بنا,۰ اتاق,ظرفیت تا ۸ نفر (۴ نفر پایه + تا ۴ نفر اضافه),تخت دو نفره ندارد,تخت یک نفره ندارد,۸ رخت‌خواب سنتی,۱ سرویس بهداشتی (ایرانی، فرنگی),۱ حمام,True,False,False,False,False,False,False,False,False,False,False,False
326461,carvansara,۸۵۰۰۰ ,جدید,,اصفهان- آران و بیدگل,۲۴ متر زیربنا,۱۶۰۰ متر کل بنا,۰ اتاق,ظرفیت ۶ نفر,تخت دو نفره ندارد,تخت یک نفره ندارد,۱۴ رخت‌خواب سنتی,۲ سرویس بهداشتی (ایرانی، فرنگی),۱ حمام,True,True,False,False,False,False,True,False,False,False,False,False
108078,villa,۱۷۰۰۰۰ ,جدید,,اصفهان- کاشان,۱۲۰ متر زیربنا,۱۶۰ متر کل بنا,۱ اتاق,ظرفیت تا ۱۲ نفر (۴ نفر پایه + تا ۸ نفر اضافه),تخت دو نفره ندارد,تخت یک نفره ندارد,۸ رخت‌خواب سنتی,۲ سرویس بهداشتی (ایرانی، فرنگی),۱ حمام,True,True,False,False,False,False,False,False,False,False,False,False
339254,carvansara,۵۲۰۰۰۰ ,جدید,,اصفهان- کاشان,۳۰ متر زیربنا,۵۰۰۰۰ متر کل بنا,۰ اتاق,ظرفیت تا ۸ نفر (۴ نفر پایه + تا ۴ نفر اضافه),تخت دو نفره ندارد,تخت یک نفره ندارد,۸ رخت‌خواب سنتی,۱ سرویس بهداشتی (ایرانی، فرنگی),۱ حمام,True,False,True,False,False,False,False,False,False,False,False,False
81790,ecotourism,۷۲۰۰۰۰ ,جدید,,اصفهان- ابوزیدآباد,۱۵ متر زیربنا,۱۰۰ متر کل بنا,۰ اتاق,ظرفیت تا ۸ نفر (۶ نفر پایه + تا ۲ نفر اضافه),تخت دو نفره ندارد,تخت یک نفره ندارد,۸ رخت‌خواب سنتی,۲ سرویس بهداشتی (ایرانی، فرنگی),۱ حمام,False,True,False,False,False,False,False,False,False,False,False,False
107949,suite,۱۸۰۰۰۰ ,۱۰,۴.۵,اصفهان- کاشان,۱۲۰ متر زیربنا,۱۶۰ متر کل بنا,۲ اتاق,ظرفیت تا ۱۰ نفر (۴ نفر پایه + تا ۶ نفر اضافه),۲ تخت دو نفره,تخت یک نفره ندارد,۳ رخت‌خواب سنتی,۴ سرویس بهداشتی (ایرانی، فرنگی),۱ حمام,True,True,False,False,False,False,False,False,False,False,False,False
109927,villa,۳۰۰۰۰۰ ,۳,۳.۵,اصفهان- کاشان,۸۰ متر زیربنا,۲۰۰ متر کل بنا,۲ اتاق,ظرفیت تا ۸ نفر (۵ نفر پایه + تا ۳ نفر اضافه),۲ تخت دو نفره,تخت یک نفره ندارد,۵ رخت‌خواب سنتی,۲ سرویس بهداشتی (ایرانی، فرنگی),۱ حمام,True,True,False,False,False,False,False,False,False,False,False,False
326345,suite,۲۸۵۰۰۰ ,جدید,,اصفهان- کاشان,۹۵ متر زیربنا,۹۵ متر کل بنا,۲ اتاق,ظرفیت تا ۷ نفر (۴ نفر پایه + تا ۳ نفر اضافه),۱ تخت دو نفره,۲ تخت یک نفره,۳ رخت‌خواب سنتی,۲ سرویس بهداشتی (ایرانی، فرنگی),۱ حمام,True,True,False,False,False,False,False,False,False,False,False,False
93578,traditional,۴۹۰۰۰۰ ,۲۸,۳.۷,اصفهان- کاشان,۰ متر زیربنا,۰ متر کل بنا,۰ اتاق,ظرفیت ۳ نفر,۱ تخت دو نفره,۱ تخت یک نفره,رخت‌خواب سنتی ندارد,۱ سرویس بهداشتی (ایرانی، فرنگی),۱ حمام,True,False,True,False,False,False,False,False,False,False,False,False
93587,traditional,۵۷۰۰۰۰ ,۲۸,۳.۷,اصفهان- کاشان,۰ متر زیربنا,۰ متر کل بنا,۰ اتاق,ظرفیت ۴ نفر,۱ تخت دو نفره,۲ تخت یک نفره,رخت‌خواب سنتی ندارد,سرویس بهداشتی (ایرانی، فرنگی) ندارد,حمام ندارد,True,False,True,False,False,False,False,False,False,False,False,False
104341,villa,۲۰۰۰۰۰ ,۳,۴,اصفهان- کاشان,۱۲۰ متر زیربنا,۱۸۰ متر کل بنا,۱ اتاق,ظرفیت تا ۶ نفر (۲ نفر پایه + تا ۴ نفر اضافه),۱ تخت دو نفره,تخت یک نفره ندارد,۴ رخت‌خواب سنتی,۲ سرویس بهداشتی (ایرانی، فرنگی),۱ حمام,True,True,False,False,False,False,True,False,False,False,False,False
106417,suite,۳۵۰۰۰۰ ,۱,۴,اصفهان- قمصر,۱۳۰ متر زیربنا,۲۰۰۰ متر کل بنا,۲ اتاق,ظرفیت تا ۸ نفر (۴ نفر پایه + تا ۴ نفر اضافه),تخت دو نفره ندارد,تخت یک نفره ندارد,۴ رخت‌خواب سنتی,۶ سرویس بهداشتی (ایرانی، فرنگی),۱ حمام,True,False,False,False,False,False,True,False,False,False,False,False
326795,apartment,۲۵۰۰۰۰ ,جدید,,اصفهان- کاشان,۹۸ متر زیربنا,۱۴۰ متر کل بنا,۲ اتاق,ظرفیت تا ۶ نفر (۳ نفر پایه + تا ۳ نفر اضافه),۱ تخت دو نفره,۱ تخت یک نفره,۳ رخت‌خواب سنتی,۲ سرویس بهداشتی (ایرانی، فرنگی),۱ حمام,True,False,False,False,False,False,False,False,False,False,False,False
82385,traditional,۵۴۰۰۰۰ ,جدید,,اصفهان- نطنز,۲۵ متر زیربنا,۸۵۰ متر کل بنا,۰ اتاق,ظرفیت ۶ نفر,تخت دو نفره ندارد,۱ تخت یک نفره,۶ رخت‌خواب سنتی,۱ سرویس بهداشتی (ایرانی، فرنگی),۱ حمام,True,False,False,False,False,False,False,False,False,False,False,False
82386,traditional,۲۵۰۰۰۰ ,جدید,,اصفهان- نطنز,۱۲ متر زیربنا,۸۵۰ متر کل بنا,۰ اتاق,ظرفیت تا ۳ نفر (۲ نفر پایه + تا ۱ نفر اضافه),تخت دو نفره ندارد,۱ تخت یک نفره,۲ رخت‌خواب سنتی,۱ سرویس بهداشتی (ایرانی، فرنگی),۱ حمام,True,False,False,False,False,False,False,False,False,False,False,False
82168,traditional,۵۵۰۰۰۰ ,جدید,,اصفهان- کاشان,۰ متر زیربنا,۰ متر کل بنا,۰ اتاق,ظرفیت ۲ نفر,۱ تخت دو نفره,تخت یک نفره ندارد,رخت‌خواب سنتی ندارد,۱ سرویس بهداشتی (ایرانی، فرنگی),۱ حمام,True,False,False,False,False,False,False,False,False,False,False,False
84836,traditional,۴۲۵۰۰۰ ,۷,۴.۵,اصفهان- کاشان,۰ متر زیربنا,۰ متر کل بنا,۰ اتاق,ظرفیت ۲ نفر,تخت دو نفره ندارد,تخت یک نفره ندارد,۲ رخت‌خواب سنتی,۱ سرویس بهداشتی (ایرانی، فرنگی),۱ حمام,True,False,False,False,False,False,False,False,False,False,False,False
84855,traditional,۷۱۰۰۰ ,۷,۴.۵,اصفهان- کاشان,۰ متر زیربنا,۰ متر کل بنا,۰ اتاق,ظرفیت ۲ نفر,۱ تخت دو نفره,تخت یک نفره ندارد,رخت‌خواب سنتی ندارد,۱ سرویس بهداشتی (ایرانی، فرنگی),۱ حمام,True,False,False,False,False,False,False,False,False,False,False,False
91026,ecotourism,۲۲۰۰۰۰ ,۱,۱.۶,اصفهان- ورزنه,۰ متر زیربنا,۰ متر کل بنا,۰ اتاق,ظرفیت ۲ نفر,تخت دو نفره ندارد,۲ تخت یک نفره,رخت‌خواب سنتی ندارد,۱ سرویس بهداشتی (ایرانی، فرنگی),۱ حمام,True,False,False,False,False,False,False,False,False,False,False,False
91006,traditional,۱۳۰۰۰۰ ,۶,۴.۵,اصفهان- کاشان,۱۲ متر زیربنا,۷۰۰ متر کل بنا,۰ اتاق,ظرفیت ۱ نفر,تخت دو نفره ندارد,۱ تخت یک نفره,۱ رخت‌خواب سنتی,سرویس بهداشتی (ایرانی، فرنگی) ندارد,حمام ندارد,True,False,False,False,False,False,False,False,False,False,False,False
91054,ecotourism,۲۲۰۰۰۰ ,۱,۱.۶,اصفهان- ورزنه,۰ متر زیربنا,۰ متر کل بنا,۰ اتاق,ظرفیت ۲ نفر,تخت دو نفره ندارد,۲ تخت یک نفره,رخت‌خواب سنتی ندارد,۱ سرویس بهداشتی (ایرانی، فرنگی),۱ حمام,True,False,False,False,False,False,False,False,False,False,False,False
91058,ecotourism,۳۳۰۰۰۰ ,۱,۱.۶,اصفهان- ورزنه,۰ متر زیربنا,۰ متر کل بنا,۰ اتاق,ظرفیت ۳ نفر,تخت دو نفره ندارد,۳ تخت یک نفره,رخت‌خواب سنتی ندارد,۱ سرویس بهداشتی (ایرانی، فرنگی),۱ حمام,True,False,False,False,False,False,False,False,False,False,False,False
91236,traditional,۴۹۲۰۰۰ ,جدید,,اصفهان- نایین,۰ متر زیربنا,۰ متر کل بنا,۰ اتاق,ظرفیت ۲ نفر,تخت دو نفره ندارد,تخت یک نفره ندارد,رخت‌خواب سنتی ندارد,سرویس بهداشتی (ایرانی، فرنگی) ندارد,حمام ندارد,True,False,False,False,False,False,True,False,False,False,False,False
92660,traditional,۲۵۰۰۰۰ ,۵,۴.۲,اصفهان- کاشان,۴۰۰ متر زیربنا,۴۰۰ متر کل بنا,۰ اتاق,ظرفیت تا ۱۴ نفر (۵ نفر پایه + تا ۹ نفر اضافه),تخت دو نفره ندارد,تخت یک نفره ندارد,۵ رخت‌خواب سنتی,۲ سرویس بهداشتی (ایرانی، فرنگی),۱ حمام,True,True,False,False,False,False,False,False,False,False,False,False
93912,complex,۲۹۰۰۰۰ ,۱۴,۴,اصفهان- کاشان,۱۵ متر زیربنا,۴۵۰ متر کل بنا,۰ اتاق,ظرفیت تا ۳ نفر (۲ نفر پایه + تا ۱ نفر اضافه),تخت دو نفره ندارد,۲ تخت یک نفره,رخت‌خواب سنتی ندارد,۲ سرویس بهداشتی (ایرانی، فرنگی),۱ حمام,True,False,False,False,False,False,False,False,False,False,False,False
93920,complex,۴۸۰۰۰۰ ,۱۳,۴,اصفهان- کاشان,۱۵ متر زیربنا,۴۵۰ متر کل بنا,۰ اتاق,ظرفیت تا ۴ نفر (۳ نفر پایه + تا ۱ نفر اضافه),۱ تخت دو نفره,۱ تخت یک نفره,رخت‌خواب سنتی ندارد,۱ سرویس بهداشتی (ایرانی، فرنگی),۱ حمام,True,False,False,False,False,False,False,False,False,False,False,False
94043,ecotourism,۲۵۴۰۰۰ ,۱۵,۴.۵,اصفهان- کاشان,۰ متر زیربنا,۰ متر کل بنا,۰ اتاق,ظرفیت ۲ نفر,۱ تخت دو نفره,تخت یک نفره ندارد,رخت‌خواب سنتی ندارد,۲ سرویس بهداشتی (ایرانی، فرنگی),۱ حمام,True,False,False,False,False,False,False,False,False,False,False,False
323990,villa,۶۰۰۰۰۰ ,جدید,,اصفهان- باغ بهادران,۹۵ متر زیربنا,۳۰۰۰ متر کل بنا,۲ اتاق,ظرفیت ۴ نفر,۲ تخت دو نفره,تخت یک نفره ندارد,رخت‌خواب سنتی ندارد,۲ سرویس بهداشتی (ایرانی، فرنگی),۱ حمام,True,True,False,False,False,False,True,False,False,False,False,False
324060,suite,۲۵۰۰۰۰ ,جدید,,اصفهان- باغ بهادران,۶۵ متر زیربنا,۲۰۰ متر کل بنا,۰ اتاق,ظرفیت تا ۶ نفر (۴ نفر پایه + تا ۲ نفر اضافه),تخت دو نفره ندارد,تخت یک نفره ندارد,۶ رخت‌خواب سنتی,۱ سرویس بهداشتی (ایرانی، فرنگی),۱ حمام,True,True,False,False,False,False,True,False,False,False,False,False
324254,suite,۳۰۰۰۰۰ ,جدید,,اصفهان- کاشان,۷۰ متر زیربنا,۹۰ متر کل بنا,۱ اتاق,ظرفیت تا ۴ نفر (۲ نفر پایه + تا ۲ نفر اضافه),۱ تخت دو نفره,تخت یک نفره ندارد,۱ رخت‌خواب سنتی,۱ سرویس بهداشتی (ایرانی، فرنگی),۱ حمام,True,True,False,False,False,False,True,False,False,False,False,False
