code,kind,name,price,comment,score,province,city,star
ardebil-saray,hotel,هتل سارای,۴۲۰۰۰۰,(۱),۱.۸,اردبیل,اردبیل,(۳ ستاره)
ardebil-darya,hotel,هتل دریا,۳۰۴۰۰۰,(۸),۲.۵,اردبیل,اردبیل,(۳ ستاره)
ardabil-sabalan,hotel,هتل سبلان,۳۰۳۰۰۰,(۷),۳.۱,اردبیل,اردبیل,(۳ ستاره)
sarein-koorosh,hotel,هتل کوروش,۳۲۵۰۰۰,(۲),۲.۳,اردبیل,سرعین,(۳ ستاره)
saryen-ershad,hotel,هتل بوستان,۳۵۰۰۰۰,(۸),۳,اردبیل,سرعین,(۴ ستاره)
sareyn-ershad,hotel,هتل ارشاد,۵۱۰۰۰۰,(۷),۳.۶,اردبیل,سرعین,(۴ ستاره)
sareyn-laleh,hotel,هتل لاله ۲,۴۴۷۰۰۰,(۲۶),۳.۸,اردبیل,سرعین,(۴ ستاره)
khalkhaal-felor,hotel,هتل فلور,۴۳۲۰۰۰,(۶),۳,اردبیل,خلخال,(۳ ستاره)
sarein-sasan,hotel,هتل ساسان,۲۳۵۶۰۰,(۱۷),۳.۵,اردبیل,سرعین,(۲ ستاره)
ca9bdd594c,hotel,هتل سوین تک,۱۵۶۰۰۰,(۵),۴.۱,اردبیل,سرعین,(۱ ستاره)
sarein-royal park,hotel,هتل  رویال پارک,۶۱۴۲۰۰,(۸),۳.۲,اردبیل,سرعین,(۴ ستاره)
meshginshahr-dorna,hotel,هتل دورنا,۳۲۱۰۰۰,(۲),۲.۹,اردبیل,مشگین شهر,(۳ ستاره)
khalkhal-parnian,hotel,هتل پرنیان,۵۲۰۰۰۰,(۱),۳.۲,اردبیل,خلخال,(۲ ستاره)
tabriz-beinolmelali,hotel,هتل بین المللی,۵۳۰۰۰۰,(۳۴),۳.۳,آذربایجان شرقی,تبریز,(۴ ستاره)
tabriz-behboud,hotel,هتل بهبود,۳۳۰۰۰۰,(۲۶),۴,آذربایجان شرقی,تبریز,(۳ ستاره)
tabriz-gostaresh,hotel,هتل گسترش,۵۳۰۰۰۰,(۴۴),۴.۱,آذربایجان شرقی,تبریز,(۴ ستاره)
tabriz-kandovan,hotel,هتل صخره ای لاله کندوان,۶۴۵۰۰۰,(۱۲),۳.۴,آذربایجان شرقی,تبریز,(۵ ستاره)
tabriz-ziba,hotel,هتل زیبا,۲۳۰۰۰۰,,,آذربایجان شرقی,تبریز,(۱ ستاره)
tbriz-elay,hotel,هتل ائل آی,۳۶۰۰۰۰,(۹),۳.۵,آذربایجان شرقی,تبریز,(۳ ستاره)
tabriz-esteghbal,hotel,هتل استقبال,۳۹۱۰۰۰,(۱۲),۳.۶,آذربایجان شرقی,تبریز,(۳ ستاره)
tabriz-caspian,hotel,هتل  کاسپین,۳۲۰۰۰۰,(۸),۳.۷,آذربایجان شرقی,تبریز,(۳ ستاره)
tabriz-jahangardi,hotel,هتل جهانگردی,۳۶۹۰۰۰,(۳),۲.۹,آذربایجان شرقی,تبریز,(۱ ستاره)
tabriz-pars,hotel,هتل پارس ائل گلی,۸۷۶۰۰۰,(۸۵),۴.۵,آذربایجان شرقی,تبریز,(۵ ستاره)
tabriz-lalehpark,hotel,هتل  لاله پارک,۹۵۰۰۰۰,(۵۶),۴.۱,آذربایجان شرقی,تبریز,(۵ ستاره)
tabriz-shahriar,hotel,هتل شهریار,۸۰۰۰۰۰,(۳۹),۴,آذربایجان شرقی,تبریز,(۵ ستاره)
saray-tabriz,hotel,هتل سارای,۲۴۳۰۰۰,,,آذربایجان شرقی,تبریز,(۳ ستاره)
tabriz-sina,hotel,هتل سینا,۳۴۰۰۰۰,(۱۲),۳.۷,آذربایجان شرقی,تبریز,(۲ ستاره)
tabriz-darya,hotel,هتل دریا,۳۸۴۰۰۰,,,آذربایجان شرقی,تبریز,(۳ ستاره)
tabriz-morvarid,hotel,هتل مروارید,۲۳۸۰۰۰,(۷),۳.۶,آذربایجان شرقی,تبریز,(۱ ستاره)
tabriz-azadi,hotel,هتل  آزادی,۴۱۰۴۰۰,(۲۵),۴.۵,آذربایجان شرقی,تبریز,(۴ ستاره)
tabriz-azarbaijan,hotel,هتل آذربایجان,۲۶۲۰۰۰,(۱۴),۳.۲,آذربایجان شرقی,تبریز,(۲ ستاره)
tabriz-aras,hotel,هتل  ارس,۲۴۰۰۰۰,(۲),۴.۳,آذربایجان شرقی,تبریز,(۲ ستاره)
tabriz-ahrab,hotel,هتل اهراب,۴۲۰۰۰۰,,,آذربایجان شرقی,تبریز,(۳ ستاره)
oroumieh-anna,hotel,هتل آنا,۱۴۹۲۰۰۰,(۱۰),۴,آذربایجان غربی,ارومیه,(۵ ستاره)
oroumieh-park,hotel,هتل پارک,۵۷۸۰۰۰,(۸),۳.۶,آذربایجان غربی,ارومیه,(۴ ستاره)
oroumieh-ariya,hotel,هتل آریا,۶۳۰۰۰۰,(۱۵),۳.۸,آذربایجان غربی,ارومیه,(۴ ستاره)
isfahan-aali-ghapoo,hotel,هتل عالی قاپو,۶۵۴۰۰۰,(۲۹),۳.۷,اصفهان,اصفهان,(۴ ستاره)
isfahan-part-hotel,hotel,هتل پارت,۶۳۰۰۰۰,(۱۳),۳.۸,اصفهان,اصفهان,(۳ ستاره)
isfahan-baran,hotel,هتل باران,۵۵۰۰۰۰,(۷),۳.۵,اصفهان,اصفهان,(۳ ستاره)
isfahan-safavi,hotel,هتل صفوی,۴۲۰۰۰۰,(۱۰),۴.۱,اصفهان,اصفهان,(۳ ستاره)
isfahan-hakhamanesh,hotel,هتل هخامنشیان پارتاک,۴۶۰۰۰۰,(۱۶),۴.۳,اصفهان,اصفهان,(۳ ستاره)
isfahan-piroozi,hotel,هتل پیروزی,۶۵۰۰۰۰,(۵۱),۴.۳,اصفهان,اصفهان,(۴ ستاره)
esfahan-viana,hotel,هتل ویانا,۲۸۵۰۰۰,(۱۹),۴.۱,اصفهان,اصفهان,(۱ ستاره)
isfahan-abbasi,hotel,هتل عباسی,۱۲۲۰۰۰۰,(۵۵),۴,اصفهان,اصفهان,(۵ ستاره)
isfahan-morvarid,hotel,هتل مروارید,۱۲۵۰۰۰,(۲۳),۲.۱,اصفهان,اصفهان,(۲ ستاره)
isfahan-sonnati,hotel,هتل سنتی,۵۶۰۰۰۰,(۴),۳.۵,اصفهان,اصفهان,(۳ ستاره)
isfahan-jolfa,hotel,هتل جلفا,۳۴۰۰۰۰,(۲),۲.۸,اصفهان,اصفهان,(۲ ستاره)
isfahan-kaveh,hotel,هتل کاوه,۲۸۰۰۰۰,(۵),۲.۶,اصفهان,اصفهان,(۲ ستاره)
isfahan-homam-hotel,hotel,هتل همام,۲۲۰۰۰۰,(۱۳),۳.۱,اصفهان,اصفهان,(۲ ستاره)
isfahan-yaghoot,hotel,هتل زنده رود(یاقوت سابق),۴۲۸۰۰۰,(۲۸),۳.۶,اصفهان,اصفهان,(۳ ستاره)
isfahan-malek,hotel,هتل ملک,۳۵۰۰۰۰,(۷),۳.۳,اصفهان,اصفهان,(۳ ستاره)
ordibehesht,hotel,هتل سرای اردیبهشت,۲۵۰۰۰۰,(۱۷),۴.۵,اصفهان,اصفهان,(۲ ستاره)
isfahan-suite-hotel,hotel,هتل پارسیان سوییت,۴۴۴۰۰۰,(۲۱),۳.۷,اصفهان,اصفهان,(۳ ستاره)
isfahan-sheikh-bahaie,hotel,هتل شیخ بهایی,۵۱۵۰۰۰,,,اصفهان,اصفهان,(۳ ستاره)
esfehan-daneshmand,hotel,هتل دانشمند,۴۲۵۰۰۰,,,اصفهان,اصفهان,(۳ ستاره)
isfahan-partikan-hotel,hotel,هتل پارتیکان,۲۷۸۰۰۰,(۴),۳.۵,اصفهان,اصفهان,(۱ ستاره)
isfahan-aseman,hotel,هتل آسمان,۸۴۰۰۰۰,(۲۵),۳.۷,اصفهان,اصفهان,(۴ ستاره)
isfahan-jamshid,hotel,هتل جمشید,۳۴۰۰۰۰,,,اصفهان,اصفهان,(۲ ستاره)
isfahan-chehel-panjere,hotel,هتل چهل پنجره,۵۳۰۰۰۰,(۲),۲.۸,اصفهان,اصفهان,(۴ ستاره)
isfahan-venus,hotel,هتل ونوس,۴۶۰۰۰۰,(۸),۳.۹,اصفهان,اصفهان,(۳ ستاره)
isfahan-jamshid,hotel,هتل جمشید,۳۴۰۰۰۰,,,اصفهان,اصفهان,(۲ ستاره)
isfahan-kowsar-hotel,hotel,هتل پارسیان کوثر,۶۹۸۰۰۰,(۵۶),۳.۸,اصفهان,اصفهان,(۵ ستاره)
isfahan-zohre-hotel,hotel,هتل زهره,۴۸۵۰۰۰,(۴۷),۳.۱,اصفهان,اصفهان,(۳ ستاره)
isfahan-azadi-hotel,hotel,هتل آزادی,۴۱۰۰۰۰,(۹),۳.۱,اصفهان,اصفهان,(۳ ستاره)
isfahan-espadana,hotel,هتل اسپادانا,۴۵۰۰۰۰,(۱۵),۳.۳,اصفهان,اصفهان,(۳ ستاره)
isfahan-safir,hotel,هتل سفیر,۶۴۵۰۰۰,(۱۹),۳.۶,اصفهان,اصفهان,(۴ ستاره)
isfahan-toloo-khorshid,hotel,هتل طلوع خورشید,۳۷۵۰۰۰,,,اصفهان,اصفهان,(۳ ستاره)
ardestan-jahangardi,hotel,هتل جهانگردی,۲۰۵۰۰۰,,,اصفهان,اردستان,(۱ ستاره)
naien-jahangardi,hotel,هتل جهانگردی,۳۵۵۰۰۰,(۱),۴,اصفهان,نایین,(۳ ستاره)
kashan-negarestan,hotel,هتل نگارستان,۵۸۴۰۰۰,(۳),۴.۱,اصفهان,کاشان,(۴ ستاره)
kashan-raheb,hotel,هتل مهینستان راهب,۷۹۲۰۰۰,(۷),۳.۷,اصفهان,کاشان,(۴ ستاره)
golpaygan-jahangardi,hotel,هتل جهانگردی,۲۴۰۰۰۰,(۴),۲.۸,اصفهان,گلپایگان,(۲ ستاره)
kashan-amirkabir,hotel,هتل امیرکبیر,۴۰۰۰۰۰,(۹),۳,اصفهان,کاشان,(۳ ستاره)
tehran-alborz,hotel,"هتل 
البرز",۳۴۷۰۰۰,(۵),۳.۶,تهران,تهران,(۳ ستاره)
qazvin-alborz,hotel,"هتل 
البرز",۴۱۴۳۰۰,(۹),۳.۸,قزوین,قزوین,(۲ ستاره)
karaj-amirkabir,hotel,هتل امیرکبیر,۳۷۳۰۰۰,(۱۶),۳.۴,البرز,کرج,(۲ ستاره)
karaj-marmar,hotel,هتل مرمر,۳۹۸۰۰۰,,,البرز,کرج,(۲ ستاره)
karaj-marmar,hotel,هتل مرمر,۳۹۸۰۰۰,,,البرز,کرج,(۲ ستاره)
karaj-amirkabir,hotel,هتل امیرکبیر,۳۷۳۰۰۰,(۱۶),۳.۴,البرز,کرج,(۲ ستاره)
ilam-zagros,hotel,هتل زاگرس,۳۶۰۰۰۰,(۶),۲.۲,ایلام,ایلام,(۳ ستاره)
ilam-dalahoo,hotel,هتل دالاهو,۲۶۶۰۰۰,(۸),۲.۳,ایلام,ایلام,(۲ ستاره)
booshehr-yaas,hotel,هتل یاس,۲۴۴۰۰۰,(۱۴),۲.۱,بوشهر,بوشهر,(۲ ستاره)
booshehr-pasargad,hotel,هتل پاسارگاد,۴۱۰۰۰۰,(۳),۳.۳,بوشهر,بوشهر,(۳ ستاره)
tehran-valiasr,hotel,هتل ولیعصر,۵۴۷۰۰۰,,,تهران,تهران,(۳ ستاره)
tehran-hejab,hotel,هتل حجاب,۴۸۰۰۰۰,(۹),۳.۳,تهران,تهران,(۳ ستاره)
tehran-homa,hotel,هتل هما,۶۵۰۰۰۰,(۴۹),۳.۷,تهران,تهران,(۵ ستاره)
tehran-espinas-palace,hotel,هتل اسپیناس پالاس,۹۰۰۰۰۰,(۱۱۸),۴,تهران,تهران,(۵ ستاره)
tehran-amir,hotel,هتل امیر,۳۵۸۰۰۰,(۸),۳.۶,تهران,تهران,(۳ ستاره)
tehran-ferdowsii,hotel,هتل فردوسی,۲۵۰۰۰۰,(۱),۴,تهران,تهران,(۲ ستاره)
tehran-mina,hotel,هتل مینا,۳۳۰۰۰۰,(۱۴),۴,تهران,تهران,(۲ ستاره)
tehran-bahar,hotel,هتل بهار,۴۱۴۰۰۰,(۳۲),۳.۵,تهران,تهران,(۳ ستاره)
Tehran-asia,hotel,هتل آسیا,۲۸۰۰۰۰,(۱۳),۳.۲,تهران,تهران,(۱ ستاره)
tehran-ibis,hotel,هتل ایبیس,۲۳۰۰۰۰,(۸۷),۴.۲,تهران,تهران,(۴ ستاره)
tehran-alvand,hotel,هتل اسکان الوند,۸۵۵۰۰۰,(۲),۴.۸,تهران,تهران,(۴ ستاره)
tehran-elyan,hotel,هتل الیان,۴۶۱۶۰۰,(۲),۱.۹,تهران,تهران,(۲ ستاره)
tehran-howeyzeh,hotel,هتل هویزه,۷۵۰۰۰۰,(۱۲),۳.۹,تهران,تهران,(۴ ستاره)
tehran-khayyam,hotel,هتل خیام,۲۲۰۰۰۰,(۳۷),۳.۸,تهران,تهران,(۲ ستاره)
tehran-Persianpelaza,hotel,هتل پرشین پلازا,۴۶۵۰۰۰,(۵۱),۴.۵,تهران,تهران,(۵ ستاره)
tehran-Avrin,hotel,هتل اورین,۵۳۰۰۰۰,(۶۰),۳.۶,تهران,تهران,(۲ ستاره)
tehran-kowsar,hotel,هتل پارسیان کوثر,۴۳۶۰۰۰,(۴۲),۳.۸,تهران,تهران,(۴ ستاره)
tehran-pariz,hotel,هتل پاریز,۴۲۵۰۰۰,(۳۱),۲.۹,تهران,تهران,(۴ ستاره)
tehran-espinas,hotel,هتل اسپیناس خلیج فارس,۷۱۵۰۰۰,(۱),۲,تهران,تهران,(۵ ستاره)
tehran-novotel,hotel,هتل نووتل,۵۸۳۰۰۰,(۳۰),۴,تهران,تهران,(۵ ستاره)
tehran-aran,hotel,هتل آران,۲۷۵۰۰۰,(۲۱),۳.۶,تهران,تهران,(۱ ستاره)
tehran-diamond,hotel,هتل دیاموند,۳۸۵۰۰۰,(۱۴),۲.۸,تهران,تهران,(۳ ستاره)
tehran-simorgh,hotel,هتل سیمرغ,۶۵۵۰۰۰,(۱۹),۴.۵,تهران,تهران,(۴ ستاره)
tehran-atana,hotel,هتل آتانا,۷۷۷۰۰۰,(۵),۴.۹,تهران,تهران,(۴ ستاره)
tehran-olympic,hotel,هتل المپیک,۷۰۵۰۰۰,(۹),۳.۷,تهران,تهران,(۴ ستاره)
tehran-alborz,hotel,هتل البرز,۳۴۷۰۰۰,(۵),۳.۶,تهران,تهران,(۳ ستاره)
tehran-grand,hotel,هتل بزرگ,۵۸۰۰۰۰,(۱۴),۳.۸,تهران,تهران,(۴ ستاره)
tehran-haali,hotel,هتل هالی,۴۳۰۰۰۰,(۱۵),۳.۸,تهران,تهران,(۳ ستاره)
tehran-saina,hotel,هتل ساینا,۴۹۵۰۰۰,(۲),۳.۷,تهران,تهران,(۳ ستاره)
tehran-atlas,hotel,هتل اطلس,۵۲۲۰۰۰,,,تهران,تهران,(۲ ستاره)
tehran-aramis,hotel,هتل آرامیس,۶۳۵۰۰۰,(۶),۴,تهران,تهران,(۴ ستاره)
tehran-grandhotel,hotel,هتل بزرگ ۲,۵۶۴۰۰۰,(۵),۴,تهران,تهران,(۴ ستاره)
tehran-azadi,hotel,هتل پارسیان آزادی,۵۷۰۰۰۰,(۸),۴.۶,تهران,تهران,(۵ ستاره)
tehran-toobaboutique,hotel,هتل بوتیک طوبی,۶۵۰۰۰۰,(۱),۴,تهران,تهران,(۳ ستاره)
tehran-evin,hotel,هتل پارسیان اوین,۵۲۵۰۰۰,(۵۵),۴,تهران,تهران,(۴ ستاره)
tehran-amatis,hotel,هتل آماتیس,۴۵۰۰۰۰,,,تهران,تهران,(۳ ستاره)
tehran-sasan,hotel,هتل ساسان,۳۸۵۰۰۰,(۱۱),۳.۳,تهران,تهران,(۲ ستاره)
tehran-morvarid,hotel,هتل مروارید,۳۸۶۰۰۰,(۱۴),۳.۲,تهران,تهران,(۳ ستاره)
tehran-balut,hotel,هتل بلوط,۵۰۰۰۰۰,(۲۰),۴,تهران,تهران,(۳ ستاره)
tehran-markazi-e-iran,hotel,هتل مرکزی ایران,۳۶۰۰۰۰,(۳),۲.۵,تهران,تهران,(۲ ستاره)
8b47a060c0,hotel,هتل ستیا,۴۵۵۰۰۰,(۲),۵,تهران,تهران,(۱ ستاره)
tehran-ferdowsi,hotel,هتل فردوسی,۶۰۶۰۰۰,(۳),۴.۱,تهران,تهران,(۴ ستاره)
tehran-asare,hotel,هتل آساره,۵۵۰۰۰۰,(۱۶),۳.۷,تهران,تهران,(۴ ستاره)
tehran-wisteria,hotel,هتل ویستریا,۷۵۰۰۰۰,(۵),۳.۸,تهران,تهران,(۵ ستاره)
tehran-shahriar,hotel,هتل شهریار,۲۶۴۰۰۰,(۳),۳.۴,تهران,تهران,(۲ ستاره)
tehran-taajmahal,hotel,هتل آپارتمان تاج محل,۹۴۰۰۰۰,(۵),۴.۱,تهران,تهران,(۵ ستاره)
tehran-laleh,hotel,هتل بین المللی لاله,۴۰۵۰۰۰,(۴۱),۳.۶,تهران,تهران,(۵ ستاره)
tehran-esteghlal,hotel,هتل استقلال,۶۰۰۰۰۰,(۹۶),۳.۵,تهران,تهران,(۵ ستاره)
tehran-enghelab,hotel,هتل پارسیان انقلاب,۳۹۵۰۰۰,(۵۱),۳.۱,تهران,تهران,(۴ ستاره)
shemshak-jahangardi,hotel,هتل جهانگردی,۴۶۳۰۰۰,(۱),۴.۲,تهران,شمشک,(۳ ستاره)
fbdd7e998a,hotel,هتل تابش,۱۳۰۰۰۰,(۲),۴.۲,خراسان رضوی,مشهد,(۱ ستاره)
mashhad-noor,hotel,هتل نور,۳۳۰۰۰۰,(۲),۴.۲,خراسان رضوی,مشهد,(۳ ستاره)
mashhad-ghasr-talai,hotel,هتل قصر طلایی,۷۲۲۰۰۰,(۶۵),۴.۳,خراسان رضوی,مشهد,(۵ ستاره)
mashhad-madineh-reza,hotel,هتل مدینه الرضا,۷۸۰۰۰۰,(۵۲),۳.۸,خراسان رضوی,مشهد,(۵ ستاره)
mashhad-parkhayat,hotel,هتل پارک حیات,۵۰۱۰۰۰,(۱۶),۴.۳,خراسان رضوی,مشهد,(۵ ستاره)
mashhad-yalda,hotel,هتل یلدا,۱۳۰۰۰۰,(۱۴),۳.۶,خراسان رضوی,مشهد,(۲ ستاره)
mashhad-almas2,hotel,هتل الماس ۲,۷۷۰۰۰۰,(۱۶۱),۴,خراسان رضوی,مشهد,(۵ ستاره)
mashhad-kowsar,hotel,هتل کوثر,۲۳۰۰۰۰,,,خراسان رضوی,مشهد,(۲ ستاره)
mashhad-sahand2,hotel,هتل سهند ۲,۱۳۰۰۰۰,(۳۷),۴.۲,خراسان رضوی,مشهد,(۱ ستاره)
mashhad-helma,hotel,هتل حلما,۳۲۰۰۰۰,(۳۳),۴,خراسان رضوی,مشهد,(۳ ستاره)
mashhad-firoozetoos,hotel,هتل فیروزه توس,۲۳۰۰۰۰,,,خراسان رضوی,مشهد,(۳ ستاره)
948f3e29af,hotel,هتل جمالی,۹۸۰۰۰,(۲۸),۳.۲,خراسان رضوی,مشهد,(۱ ستاره)
mashhad-javad,hotel,هتل جواد,۴۹۰۰۰۰,(۱۵),۴.۱,خراسان رضوی,مشهد,(۴ ستاره)
mashhad-parsis,hotel,هتل پارسیس,۳۳۳۰۰۰,(۳۶),۳.۸,خراسان رضوی,مشهد,(۵ ستاره)
mashhad-marmar,hotel,هتل مرمر,۱۲۵۰۰۰,(۷),۳.۴,خراسان رضوی,مشهد,(۲ ستاره)
mashhad-aban,hotel,هتل آبان,۳۸۰۰۰۰,(۲),۴.۹,خراسان رضوی,مشهد,(۴ ستاره)
mashhad-ghasre-aidin,hotel,هتل قصر آیدین,۱۶۵۰۰۰,(۳۸),۴.۱,خراسان رضوی,مشهد,(۳ ستاره)
mashhad-khaneh-sabz,hotel,هتل خانه سبز,۱۹۴۰۰۰,(۷۰),۴.۳,خراسان رضوی,مشهد,(۳ ستاره)
mashhad-sarina,hotel,هتل سارینا,۲۰۰۰۰۰,,,خراسان رضوی,مشهد,(۴ ستاره)
mashhad-pardisan,hotel,هتل پردیسان,۴۶۰۰۰۰,(۷۶),۴,خراسان رضوی,مشهد,(۵ ستاره)
mashhad-homa-1,hotel,هتل هما ۱,۷۲۸۰۰۰,(۱۴),۳.۹,خراسان رضوی,مشهد,(۵ ستاره)
mashhad-seraj,hotel,هتل سراج,۱۳۵۰۰۰,(۸),۳,خراسان رضوی,مشهد,(۲ ستاره)
mashhad-tara,hotel,هتل تارا,۵۷۳۰۰۰,(۱۴),۳.۲,خراسان رضوی,مشهد,(۴ ستاره)
mashhad-rosedarvishi,hotel,هتل رز درویشی,۱۶۰۵۰۰۰,(۳),۳.۹,خراسان رضوی,مشهد,(۳ ستاره)
mashhad-homa-1,hotel,هتل هما ۱,۷۲۸۰۰۰,(۱۴),۳.۹,خراسان رضوی,مشهد,(۵ ستاره)
mashhad-neginpasargad,hotel,هتل نگین پاسارگاد,۷۸۱۹۰۰,,,خراسان رضوی,مشهد,(۴ ستاره)
mashhad-nasim shargh,hotel,هتل نسیم شرق,۲۸۶۰۰۰,(۱),۱.۸,خراسان رضوی,مشهد,(۱ ستاره)
mashhad-razavieh,hotel,هتل رضویه,۳۱۵۰۰۰,(۲۷),۴,خراسان رضوی,مشهد,(۳ ستاره)
mashhad-diplomat,hotel,هتل دیپلمات,۲۳۴۰۰۰,(۵),۴,خراسان رضوی,مشهد,(۳ ستاره)
mashhad-refah,hotel,هتل رفاه,۵۲۱۰۰۰,(۳۱),۴.۶,خراسان رضوی,مشهد,(۴ ستاره)
mashhad-zamzam2,hotel,هتل زمزم ۲,۱۷۰۰۰۰,,,خراسان رضوی,مشهد,(۲ ستاره)
mashhad-ghasr,hotel,هتل بین المللی قصر,۸۸۱۰۰۰,(۱۱),۴.۰,خراسان رضوی,مشهد,(۵ ستاره)
mashhad-marat,hotel,هتل مرآت,۲۶۰۰۰۰,(۶),۳.۳,خراسان رضوی,مشهد,(۴ ستاره)
mashhad-helia,hotel,هتل هلیا,۳۲۰۰۰۰,(۲۱),۴,خراسان رضوی,مشهد,(۳ ستاره)
mashhad-javahereshargh,hotel,هتل جواهر شرق,۲۸۴۰۰۰,(۲۲),۴.۲,خراسان رضوی,مشهد,(۳ ستاره)
mashhad-enghlab,hotel,هتل انقلاب,۱۲۰۰۰۰,,,خراسان رضوی,مشهد,(۲ ستاره)
mashhad-farhangohonar,hotel,هتل فرهنگ و هنر,۲۶۵۰۰۰,(۷۳),۴.۵,خراسان رضوی,مشهد,(۳ ستاره)
mashhad-porsetareh,hotel,هتل پرستاره,۱۲۰۰۰۰,(۱۰),۴.۶,خراسان رضوی,مشهد,(۱ ستاره)
mashhad-mayamey,hotel,هتل میامی,۲۱۰۰۰۰,(۱۴),۳.۸,خراسان رضوی,مشهد,(۳ ستاره)
mashhad-almas,hotel,هتل الماس,۴۵۵۰۰۰,(۳۳),۴.۱,خراسان رضوی,مشهد,(۴ ستاره)
mashhad-almasnovin,hotel,هتل الماس نوین,۴۴۱۰۰۰,(۲۷),۴.۳,خراسان رضوی,مشهد,(۴ ستاره)
mashhad-ferdos,hotel,هتل فردوس,۵۱۰۰۰۰,(۲۵),۳.۶,خراسان رضوی,مشهد,(۴ ستاره)
mashhad-melal,hotel,هتل ملل,۱۸۰۰۰۰,(۱۵),۴.۵,خراسان رضوی,مشهد,(۱ ستاره)
mashhad-sahand,hotel,هتل سهند,۳۱۰۰۰۰,(۳۰),۴.۱,خراسان رضوی,مشهد,(۳ ستاره)
mashhad-sinoor,hotel,هتل سی نور,۴۸۰۰۰۰,(۲۹),۳.۵,خراسان رضوی,مشهد,(۵ ستاره)
mashhad-kiana,hotel,هتل کیانا,۴۳۰۰۰۰,(۱۲),۴.۳,خراسان رضوی,مشهد,(۴ ستاره)
mashhad-arsan,hotel,هتل آرسان,۱۶۰۰۰۰,(۲۸),۴.۶,خراسان رضوی,مشهد,(۱ ستاره)
mashhad-iran,hotel,هتل ایران,۳۷۰۰۰۰,(۱۴),۳.۴,خراسان رضوی,مشهد,(۴ ستاره)
mashhaad-darvishi,hotel,هتل مجلل درویشی,۹۴۰۰۰۰,(۶۷),۴.۴,خراسان رضوی,مشهد,(۵ ستاره)
zanjan-parkhotel,hotel,هتل پارک,۵۰۰۰۰۰,(۵),۳.۵,زنجان,زنجان,(۳ ستاره)
zanjan-bozorg,hotel,هتل بزرگ,۸۰۷۰۰۰,(۵),۳.۳,زنجان,زنجان,(۴ ستاره)
zanjan-jahangardi,hotel,هتل جهانگردی,۵۳۵۰۰۰,(۸),۳.۴,زنجان,زنجان,(۲ ستاره)
semnan-gootkemall,hotel,هتل گوتکه مال,۳۳۳۰۰۰,(۱۶),۳.۵,سمنان,سمنان,(۵ ستاره)
shahrood-parmida,hotel,هتل پارامیدا,۷۴۹۰۰۰,(۱),۱,سمنان,شاهرود,(۴ ستاره)
tehran-espinas,hotel,"هتل اسپیناس خلیج 
فارس",۷۱۵۰۰۰,(۱),۲,تهران,تهران,(۵ ستاره)
shiraz-talar,hotel,هتل تالار,۳۵۰۰۰۰,(۱۰),۳.۵,فارس,شیراز,(۳ ستاره)
shiraz-parseh,hotel,هتل پارسه,۲۸۰۰۰۰,(۲۰),۳.۷,فارس,شیراز,(۳ ستاره)
shiraz-panjdari,hotel,هتل پنج دری,۴۸۰۰۰۰,(۱۹),۳.۷,فارس,شیراز,(۳ ستاره)
fasa-jahangardi,hotel,هتل جهانگردی,۲۳۰۰۰۰,(۶),۴.۴,فارس,فسا,(۲ ستاره)
shiraz-homa,hotel,هتل هما,۹۵۰۰۰۰,(۱۹),۴,فارس,شیراز,(۵ ستاره)
shiraz-arg,hotel,هتل ارگ,۳۷۵۰۰۰,(۶۲),۴,فارس,شیراز,(۳ ستاره)
shiraz-ariobarzan,hotel,هتل آریوبرزن,۳۶۰۰۰۰,(۲۹),۳.۳,فارس,شیراز,(۴ ستاره)
shiraz-vakil,hotel,هتل سنتی وکیل,۳۸۰۰۰۰,(۲۹),۴.۲,فارس,شیراز,(۳ ستاره)
shiraz-jahangardi,hotel,هتل جهانگردی,۳۱۹۰۰۰,(۵),۳.۸,فارس,شیراز,(۳ ستاره)
shiraz-parsian,hotel,هتل پارسیان,۴۷۸۰۰۰,(۱۴),۳.۶,فارس,شیراز,(۴ ستاره)
7ea1e0c3cb,hotel,هتل قوام,۱۸۵۰۰۰,(۳),۲.۴,فارس,شیراز,(۱ ستاره)
0aa33f33fe,hotel,هتل سنتی درباری,۳۰۰۰۰۰,(۵),۴.۱,فارس,شیراز,(۱ ستاره)
shiraz-sasan,hotel,هتل ساسان,۲۵۹۰۰۰,(۳۸),۴.۱,فارس,شیراز,(۲ ستاره)
shiraz-atlas,hotel,هتل اطلس,۲۹۵۰۰۰,(۴۵),۳.۸,فارس,شیراز,(۳ ستاره)
shiraz-nasir ai-mulk,hotel,هتل نصیر الملک,۲۶۰۰۰۰,(۲),۲.۴,فارس,شیراز,(۲ ستاره)
shiraz-elizeh,hotel,هتل الیزه,۵۹۹۰۰۰,(۶۰),۴.۲,فارس,شیراز,(۴ ستاره)
shiraz-zandieh,hotel,هتل زندیه,۹۶۶۰۰۰,(۳۱),۴.۴,فارس,شیراز,(۵ ستاره)
shiraz-karimkhan,hotel,هتل کریم خان,۴۵۰۰۰۰,(۲۴),۳.۸,فارس,شیراز,(۴ ستاره)
shiraz-shirazis,hotel,هتل شیرازیس,۳۸۰۰۰۰,,,فارس,شیراز,(۳ ستاره)
shiraz-perspolis,hotel,هتل پرسپولیس,۵۴۵۰۰۰,(۳۳),۳.۵,فارس,شیراز,(۵ ستاره)
shiraz-hafez,hotel,هتل حافظ,۱۱۰۰۰۰,(۱۰),۳.۵,فارس,شیراز,(۲ ستاره)
shiraz-parksaadi,hotel,هتل پارک سعدی,۴۹۵۰۰۰,(۱۱),۳.۷,فارس,شیراز,(۴ ستاره)
shiraz-ariyana,hotel,هتل آریانا,۳۴۰۰۰۰,(۴۹),۲.۹,فارس,شیراز,(۲ ستاره)
shiraz-chamran,hotel,هتل چمران,۸۵۷۰۰۰,(۶۶),۳.۹,فارس,شیراز,(۵ ستاره)
shiraz-shams,hotel,هتل شمس,۳۸۰۰۰۰,(۵),۴.۱,فارس,شیراز,(۲ ستاره)
shiraz-bozorg,hotel,هتل بزرگ,۹۹۴۰۰۰,(۷۲),۴.۴,فارس,شیراز,(۵ ستاره)
shiraz-pars,hotel,هتل پارس,۴۵۰۰۰۰,(۷۱),۳.۸,فارس,شیراز,(۴ ستاره)
shiraz-sonnati-niyayesh,hotel,هتل مجموعه هتل های سنتی میراثی نیایش,۳۰۸۰۰۰,(۲۱),۳.۴,فارس,شیراز,(۳ ستاره)
shiraz-royal,hotel,هتل رویال,۵۸۵۰۰۰,(۶),۳.۵,فارس,شیراز,(۴ ستاره)
shiraz-talar,hotel,هتل تالار,۳۵۰۰۰۰,(۱۰),۳.۵,فارس,شیراز,(۳ ستاره)
shiraz-parseh,hotel,هتل پارسه,۲۸۰۰۰۰,(۲۰),۳.۷,فارس,شیراز,(۳ ستاره)
shiraz-panjdari,hotel,هتل پنج دری,۴۸۰۰۰۰,(۱۹),۳.۷,فارس,شیراز,(۳ ستاره)
7ea1e0c3cb,hotel,هتل قوام,۱۸۵۰۰۰,(۳),۲.۴,فارس,شیراز,(۱ ستاره)
0aa33f33fe,hotel,هتل سنتی درباری,۳۰۰۰۰۰,(۵),۴.۱,فارس,شیراز,(۱ ستاره)
shiraz-sasan,hotel,هتل ساسان,۲۵۹۰۰۰,(۳۸),۴.۱,فارس,شیراز,(۲ ستاره)
shiraz-atlas,hotel,هتل اطلس,۲۹۵۰۰۰,(۴۵),۳.۸,فارس,شیراز,(۳ ستاره)
shiraz-nasir ai-mulk,hotel,هتل نصیر الملک,۲۶۰۰۰۰,(۲),۲.۴,فارس,شیراز,(۲ ستاره)
shiraz-elizeh,hotel,هتل الیزه,۵۹۹۰۰۰,(۶۰),۴.۲,فارس,شیراز,(۴ ستاره)
shiraz-homa,hotel,هتل هما,۹۵۰۰۰۰,(۱۹),۴,فارس,شیراز,(۵ ستاره)
shiraz-arg,hotel,هتل ارگ,۳۷۵۰۰۰,(۶۲),۴,فارس,شیراز,(۳ ستاره)
shiraz-ariobarzan,hotel,هتل آریوبرزن,۳۶۰۰۰۰,(۲۹),۳.۳,فارس,شیراز,(۴ ستاره)
shiraz-parsian,hotel,هتل پارسیان,۴۷۸۰۰۰,(۱۴),۳.۶,فارس,شیراز,(۴ ستاره)
shiraz-homa,hotel,هتل هما,۹۵۰۰۰۰,(۱۹),۴,فارس,شیراز,(۵ ستاره)
shiraz-arg,hotel,هتل ارگ,۳۷۵۰۰۰,(۶۲),۴,فارس,شیراز,(۳ ستاره)
shiraz-zandieh,hotel,هتل زندیه,۹۶۶۰۰۰,(۳۱),۴.۴,فارس,شیراز,(۵ ستاره)
shiraz-karimkhan,hotel,هتل کریم خان,۴۵۰۰۰۰,(۲۴),۳.۸,فارس,شیراز,(۴ ستاره)
shiraz-shirazis,hotel,"هتل 
شیراز
یس",۳۸۰۰۰۰,,,فارس,شیراز,(۳ ستاره)
shiraz-perspolis,hotel,هتل پرسپولیس,۵۴۵۰۰۰,(۳۳),۳.۵,فارس,شیراز,(۵ ستاره)
shiraz-shams,hotel,هتل شمس,۳۸۰۰۰۰,(۵),۴.۱,فارس,شیراز,(۲ ستاره)
shiraz-bozorg,hotel,هتل بزرگ,۹۹۴۰۰۰,(۷۲),۴.۴,فارس,شیراز,(۵ ستاره)
shiraz-pars,hotel,هتل پارس,۴۵۰۰۰۰,(۷۱),۳.۸,فارس,شیراز,(۴ ستاره)
shiraz-sonnati-niyayesh,hotel,هتل مجموعه هتل های سنتی میراثی نیایش,۳۰۸۰۰۰,(۲۱),۳.۴,فارس,شیراز,(۳ ستاره)
shiraz-royal,hotel,هتل رویال,۵۸۵۰۰۰,(۶),۳.۵,فارس,شیراز,(۴ ستاره)
shiraz-hafez,hotel,هتل حافظ,۱۱۰۰۰۰,(۱۰),۳.۵,فارس,شیراز,(۲ ستاره)
shiraz-parksaadi,hotel,هتل پارک سعدی,۴۹۵۰۰۰,(۱۱),۳.۷,فارس,شیراز,(۴ ستاره)
shiraz-ariyana,hotel,هتل آریانا,۳۴۰۰۰۰,(۴۹),۲.۹,فارس,شیراز,(۲ ستاره)
shiraz-chamran,hotel,هتل چمران,۸۵۷۰۰۰,(۶۶),۳.۹,فارس,شیراز,(۵ ستاره)
ghazvin-baghdadi,hotel,هتل بغدادی,۳۵۰۰۰۰,(۱),۱.۲,قزوین,قزوین,(۴ ستاره)
QAZVIN-SINA,hotel,هتل سینا,۵۸۳۰۰۰,(۹),۳.۹,قزوین,قزوین,(۳ ستاره)
qazvin-alborz,hotel,هتل البرز,۴۱۴۳۰۰,(۹),۳.۸,قزوین,قزوین,(۲ ستاره)
ghazvin=Minoo,hotel,هتل مینو,۳۴۹۰۰۰,(۵),۴.۵,قزوین,قزوین,(۲ ستاره)
ghazvin-rajia,hotel,هتل راژیا,۳۸۶۰۰۰,(۹),۳.۸,قزوین,قزوین,(۲ ستاره)
ghazvin-safir,hotel,هتل سفیر,۲۷۵۰۰۰,(۱۱),۳.۶,قزوین,قزوین,(۲ ستاره)
ghazvin-marmar,hotel,هتل مرمر,۴۶۵۰۰۰,(۹),۲.۷,قزوین,قزوین,(۳ ستاره)
qazvin-miremad,hotel,هتل میرعماد,۲۰۹۰۰۰,(۶),۳.۷,قزوین,قزوین,(۱ ستاره)
ghazvin=iranin,hotel,هتل ایرانیان,۵۲۰۰۰۰,(۲۱),۴.۲,قزوین,قزوین,(۳ ستاره)
qazvin-iran,hotel,هتل ایران,۳۱۳۰۰۰,,,قزوین,قزوین,(۲ ستاره)
alamut-navizar,hotel,هتل نویذر الموت,۶۷۵۰۰۰,,,قزوین,الموت,(۱ ستاره)
ALVAND-QOM,hotel,هتل الوند,۳۰۰۰۰۰,(۱۰),۳,قم,قم,(۴ ستاره)
ghom-jamil,hotel,هتل جمیل,۳۵۵۰۰۰,(۶),۳.۵,قم,قم,(۳ ستاره)
qom-parsia,hotel,هتل پارسیا,۶۲۵۰۰۰,(۳),۳.۴,قم,قم,(۴ ستاره)
bane-saman,hotel,هتل سامان,۱۷۳۰۰۰,,,کردستان,بانه,(۲ ستاره)
saghez-kourd,hotel,هتل کورد,۳۹۵۰۰۰,(۱),۳.۸,کردستان,سقز,(۴ ستاره)
marivan-noruz,hotel,هتل نوروز,۲۵۰۰۰۰,(۱),۲.۲,کردستان,مریوان,(۳ ستاره)
bane-lale,hotel,هتل هاله (لاله سابق),۵۴۵۰۰۰,(۶),۳,کردستان,بانه,(۵ ستاره)
saghez-mad,hotel,هتل ماد,۱۹۰۰۰۰,(۴),۲.۷,کردستان,سقز,(۳ ستاره)
2147240ae7,hotel,هتل داوینکو,۴۶۰۰۰۰,(۶),۳.۶,کردستان,بانه,(۳ ستاره)
baneh-arian,hotel,هتل آریان,۳۰۰۰۰۰,(۱),۲,کردستان,بانه,(۳ ستاره)
sanandaj-shadi,hotel,هتل شادی,۵۱۶۰۰۰,(۲۸),۳.۶,کردستان,سنندج,(۴ ستاره)
sanandaj-jahangardi,hotel,هتل جهانگردی,۳۹۰۰۰۰,(۱۳),۳.۸,کردستان,سنندج,(۳ ستاره)
sanandaj-shadi,hotel,هتل شادی,۵۱۶۰۰۰,(۲۸),۳.۶,کردستان,سنندج,(۴ ستاره)
sanandaj-jahangardi,hotel,هتل جهانگردی,۳۹۰۰۰۰,(۱۳),۳.۸,کردستان,سنندج,(۳ ستاره)
kerman-akhavan,hotel,هتل اخوان,۳۷۰۰۰۰,(۶),۲.۳,کرمان,کرمان,(۲ ستاره)
kerman-jahangardi,hotel,هتل جهانگردی,۶۶۱۰۰۰,(۸),۳.۳,کرمان,کرمان,(۴ ستاره)
kerman-asam,hotel,هتل آسام,۴۸۰۰۰۰,(۱۲),۴.۱,کرمان,کرمان,(۳ ستاره)
kerman-goashir,hotel,هتل گواشیر,۳۴۱۰۰۰,(۱۸),۲.۵,کرمان,کرمان,(۳ ستاره)
bam-azadi,hotel,هتل پارسیان آزادی,۴۶۱۱۰۰,(۴),۳.۲,کرمان,بم,(۴ ستاره)
sirjan-atresib,hotel,هتل عطر سیب,۶۲۳۰۰۰,,,کرمان,سیرجان,(۲ ستاره)
rafsanjan-hilan,hotel,هتل هیلان,۷۰۵۰۰۰,(۱),۴,کرمان,رفسنجان,(۴ ستاره)
kermanshah-jamshid,hotel,هتل جمشید,۵۵۰۰۰۰,(۹),۳.۶,کرمانشاه,کرمانشاه,(۴ ستاره)
kermanshah-azadegan,hotel,هتل آزادگان,۵۲۰۰۰۰,(۶),۳.۵,کرمانشاه,کرمانشاه,(۴ ستاره)
kermanshah-parsian,hotel,هتل پارسیان,۵۶۷۰۰۰,(۱۴),۴.۳,کرمانشاه,کرمانشاه,(۵ ستاره)
kermanshah-kourosh,hotel,هتل کوروش,۳۴۰۰۰۰,(۱۲),۴,کرمانشاه,کرمانشاه,(۳ ستاره)
kermanshah-resalat,hotel,هتل رسالت,۲۹۵۰۰۰,(۱۲),۲.۲,کرمانشاه,کرمانشاه,(۳ ستاره)
yasouj-parsian azadi,hotel,هتل پارسیان آزادی,۳۷۵۷۰۰,,,کهگیلویه و بویراحمد,یاسوج,(۴ ستاره)
Gorgan-botanic,hotel,هتل قصر بوتانیک,۵۶۴۰۰۰,(۲۶),۳.۷,گلستان,گرگان,(۵ ستاره)
azadshahr-akam,hotel,هتل آکام,۴۰۰۰۰۰,,,گلستان,آزادشهر,(۳ ستاره)
aliabad-kaniyar,hotel,هتل کانیار,۴۰۵۰۰۰,(۵),۴.۱,گلستان,علی آباد کتول,(۳ ستاره)
gorgan-Azin,hotel,هتل آذین,۴۷۵۰۰۰,(۱۰),۳.۵,گلستان,گرگان,(۴ ستاره)
gorgan-shahab,hotel,هتل شهاب,۰,(۱۷),۳.۱,گلستان,گرگان,(۴ ستاره)
gorgan-naharkhoran,hotel,هتل جهانگردی ناهارخوران,۴۵۷۰۰۰,(۲۶),۳.۷,گلستان,گرگان,(۳ ستاره)
kordkooy-bahman,hotel,هتل بهمن,۳۴۳۰۰۰,(۱),۳.۶,گلستان,کردکوی,(۳ ستاره)
azadshahr-pooria,hotel,هتل پوریا,۱۹۵۰۰۰,,,گلستان,آزادشهر,(۲ ستاره)
gorgan-ziarat,hotel,هتل زیارت,۲۹۱۶۰۰,(۶),۳.۴,گلستان,گرگان,(۲ ستاره)
gorgan-ziarat,hotel,هتل زیارت,۲۹۱۶۰۰,(۶),۳.۴,گلستان,گرگان,(۲ ستاره)
Gorgan-botanic,hotel,هتل قصر بوتانیک,۵۶۴۰۰۰,(۲۶),۳.۷,گلستان,گرگان,(۵ ستاره)
gorgan-shahab,hotel,هتل شهاب,۰,(۱۷),۳.۱,گلستان,گرگان,(۴ ستاره)
gorgan-naharkhoran,hotel,هتل جهانگردی ناهارخوران,۴۵۷۰۰۰,(۲۶),۳.۷,گلستان,گرگان,(۳ ستاره)
gorgan-Azin,hotel,هتل آذین,۴۷۵۰۰۰,(۱۰),۳.۵,گلستان,گرگان,(۴ ستاره)
lahijan-dehdar,hotel,هتل دهدار,۳۴۶۰۰۰,(۱۷),۳.۲,گیلان,لاهیجان,(۴ ستاره)
rasht-pamchal,hotel,هتل پامچال,۵۴۷۰۰۰,(۳۱),۳.۴,گیلان,رشت,(۳ ستاره)
rasht-kadus,hotel,هتل کادوس,۶۴۰۰۰۰,(۲۰),۲.۹,گیلان,رشت,(۵ ستاره)
masal-marzban,hotel,هتل مرزبانی,۱۸۸۰۰۰,(۱۲),۳.۵,گیلان,ماسال,(۳ ستاره)
rasht-shabestan,hotel,هتل شبستان,۶۵۰۰۰۰,(۶),۳.۷,گیلان,رشت,(۴ ستاره)
lahijan-jahangiri,hotel,هتل جهانگردی,۳۳۳۰۰۰,(۴),۳.۸,گیلان,لاهیجان,(۳ ستاره)
lahijan-fajr,hotel,هتل فجر آبشار,۳۹۰۰۰۰,(۱۰),۳.۸,گیلان,لاهیجان,(۳ ستاره)
rasht-ghadir,hotel,هتل غدیر,۳۲۳۰۰۰,(۲),۲.۹,گیلان,رشت,(۲ ستاره)
astara-espinas,hotel,هتل اسپیناس,۵۹۵۰۰۰,(۳۲),۳.۵,گیلان,آستارا,(۴ ستاره)
astara-jahangardi,hotel,هتل جهانگردی,۲۷۰۰۰۰,(۱),۴.۸,گیلان,آستارا,(۳ ستاره)
astara-afra,hotel,هتل افرا,۳۷۱۰۰۰,(۲),۳.۷,گیلان,آستارا,(۳ ستاره)
lahijan-shahrzad,hotel,هتل شهرزاد,۴۹۹۰۰۰,(۵),۳.۸,گیلان,لاهیجان,(۴ ستاره)
rasht-pamchal,hotel,هتل پامچال,۵۴۷۰۰۰,(۳۱),۳.۴,گیلان,رشت,(۳ ستاره)
rasht-kadus,hotel,هتل کادوس,۶۴۰۰۰۰,(۲۰),۲.۹,گیلان,رشت,(۵ ستاره)
rasht-shabestan,hotel,هتل شبستان,۶۵۰۰۰۰,(۶),۳.۷,گیلان,رشت,(۴ ستاره)
rasht-ghadir,hotel,هتل غدیر,۳۲۳۰۰۰,(۲),۲.۹,گیلان,رشت,(۲ ستاره)
amol-olampic,hotel,هتل المپیک,۳۵۰۰۰۰,(۷),۴.۰,مازندران,آمل,(۳ ستاره)
chaloos-venus,hotel,هتل ونوس  پلاس,۱۲۵۰۰۰۰,(۲۹),۳.۷,مازندران,چالوس,(۵ ستاره)
chaloos-kakhe-amiran,hotel,هتل کاخ امیران,۵۵۰۰۰۰,,,مازندران,چالوس,(۴ ستاره)
saari-salardeh,hotel,هتل سالاردره,۷۲۰۰۰۰,(۲۱),۳.۸,مازندران,ساری,(۴ ستاره)
ramsar-lian,hotel,هتل لیان,۳۵۰۰۰۰,(۱),۱.۲,مازندران,رامسر,(۳ ستاره)
babolsar-mizban,hotel,هتل میزبان,۷۵۰۰۰۰,(۱),۵,مازندران,بابلسر,(۴ ستاره)
mahmoodabad-oxin,hotel,هتل اکسین,۳۷۵۰۰۰,(۱۰),۳.۵,مازندران,محمودآباد,(۲ ستاره)
parsian-kelardasht,hotel,هتل پارسیان,۸۰۰۰۰۰,,,مازندران,کلاردشت,(۳ ستاره)
noshahr-sadaf,hotel,هتل صدف,۴۴۰۰۰۰,(۴),۱.۹,مازندران,نوشهر,(۳ ستاره)
ramsar-parsian,hotel,هتل بزرگ پارسیان آزادی,۸۵۰۰۰۰,(۱),۳,مازندران,رامسر,(۴ ستاره)
ramsar-shayan,hotel,هتل شایان,۳۰۰۰۰۰,(۷),۳.۷,مازندران,رامسر,(۲ ستاره)
ramsar-neyestan,hotel,هتل نیستان,۴۸۰۰۰۰,(۱۰),۳.۱,مازندران,رامسر,(۳ ستاره)
noshahr-jahangardi,hotel,هتل جهانگردی چلندر,۲۴۰۰۰۰,(۹),۲.۲,مازندران,نوشهر,(۲ ستاره)
chalus-jahangardi,hotel,هتل جهانگردی,۲۶۹۰۰۰,(۶),۴,مازندران,چالوس,(۲ ستاره)
noor-ariyan,hotel,هتل آریان,۸۳۰۰۰۰,(۲),۱.۸,مازندران,نور,(۳ ستاره)
saari-asram,hotel,هتل اسرم,۴۵۰۰۰۰,(۶),۳.۲,مازندران,ساری,(۳ ستاره)
kimiya-ramsar,hotel,هتل کیمیا,۵۸۰۰۰۰,(۳),۳.۱,مازندران,رامسر,(۳ ستاره)
ramsar-shayan,hotel,هتل شایان,۳۰۰۰۰۰,(۷),۳.۷,مازندران,رامسر,(۲ ستاره)
ramsar-neyestan,hotel,هتل نیستان,۴۸۰۰۰۰,(۱۰),۳.۱,مازندران,رامسر,(۳ ستاره)
babol-marjan,hotel,هتل مرجان,۲۹۰۰۰۰,(۷),۳.۱,مازندران,بابل,(۲ ستاره)
izadshahr-baran,hotel,هتل باران,۳۸۰۰۰۰,(۳),۳.۳,مازندران,ایزدشهر,(۳ ستاره)
izadshahr-saheli shahr,hotel,هتل ساحلی شهر,۷۵۰۰۰۰,,,مازندران,ایزدشهر,(۱ ستاره)
kelardasht-maral,hotel,هتل مارال,۴۴۰۰۰۰,,,مازندران,کلاردشت,(۳ ستاره)
mazandaran-badeleh,hotel,هتل بادله,۷۰۰۰۰۰,(۹),۳.۸,مازندران,ساری,(۴ ستاره)
ramsar-kowsar,hotel,هتل کوثر,۴۴۵۰۰۰,(۹),۳,مازندران,رامسر,(۳ ستاره)
ramsar-baam,hotel,هتل بام,۱۲۷۰۰۰۰,(۲۰),۴.۲,مازندران,رامسر,(۴ ستاره)
ramsar-karen,hotel,هتل کارن,۳۰۰۰۰۰,(۹),۳.۶,مازندران,رامسر,(۲ ستاره)
tehran-markazi-e-iran,hotel,"هتل 
مرکزی
 ایران",۳۶۰۰۰۰,(۳),۲.۵,تهران,تهران,(۲ ستاره)
arak-zagros,hotel,هتل زاگرس,۴۹۴۰۰۰,(۴),۳.۳,مرکزی,اراک,(۴ ستاره)
arak-amirkabir,hotel,هتل امیرکبیر,۶۰۲۰۰۰,(۱۴),۳.۹,مرکزی,اراک,(۵ ستاره)
gheshm-alvand2,hotel,هتل قصر الوند,۱۹۰۰۰۰,(۲),۳,هرمزگان,قشم,(۳ ستاره)
gheshm-diana,hotel,هتل دیانا,۲۸۰۰۰۰,(۱),۱.۶,هرمزگان,قشم,(۲ ستاره)
gheshm-royal,hotel,هتل رویال,۲۵۰۰۰۰,(۵),۲.۴,هرمزگان,قشم,(۳ ستاره)
kish-shaygan,hotel,هتل شایگان,۹۰۰۰۰۰,(۳۵),۳.۹,هرمزگان,کیش,(۵ ستاره)
KISH-SETAREH,hotel,هتل ستاره,۳۱۰۰۰۰,(۳۵),۳.۲,هرمزگان,کیش,(۲ ستاره)
kish-goldis,hotel,هتل گلدیس,۴۳۰۰۰۰,(۲۱),۳.۱,هرمزگان,کیش,(۳ ستاره)
qeshm-singo,hotel,هتل سینگو,۲۶۰۰۰۰,(۱۳),۳.۵,هرمزگان,قشم,(۳ ستاره)
gheshm-shahriar,hotel,هتل شهریار,۳۵۰۰۰۰,(۳),۲.۵,هرمزگان,قشم,(۳ ستاره)
kish-marina-park,hotel,هتل مارینا پارک,۲۷۶۰۰۰۰,(۳۰),۳.۲,هرمزگان,کیش,(۵ ستاره)
kish-sara,hotel,هتل سارا,۵۷۰۰۰۰,(۳۱),۳.۲,هرمزگان,کیش,(۴ ستاره)
kish-sadaf,hotel,هتل صدف,۷۸۰۰۰۰,(۴۹),۳.۷,هرمزگان,کیش,(۴ ستاره)
kish-fanos,hotel,هتل فانوس,۳۰۵۰۰۰,(۵),۲.۴,هرمزگان,کیش,(۲ ستاره)
kish-gardenia,hotel,هتل گاردنیا,۴۷۰۰۰۰,(۲۲),۲.۵,هرمزگان,کیش,(۳ ستاره)
kish-iran,hotel,هتل ایران,۱۲۵۰۰۰۰,(۲۵),۳.۷,هرمزگان,کیش,(۵ ستاره)
gheshm-hani,hotel,هتل هانی,۳۵۰۰۰۰,,,هرمزگان,قشم,(۴ ستاره)
gheshmn-alvand,hotel,هتل الوند,۱۷۰۰۰۰,(۲),۲,هرمزگان,قشم,(۳ ستاره)
avina-gheshm,hotel,هتل آوینا,۶۴۰۰۰۰,,,هرمزگان,قشم,(۴ ستاره)
qeshm-sama,hotel,هتل سما ۱,۱۱۴۰۰۰,(۳),۳.۸,هرمزگان,قشم,(۳ ستاره)
bandarabas-homa,hotel,هتل هما,۸۴۴۰۰۰,(۵۷),۳.۴,هرمزگان,بندر عباس,(۵ ستاره)
kish-lotos,hotel,هتل لوتوس,۵۱۴۰۰۰,(۱۴),۳,هرمزگان,کیش,(۳ ستاره)
qeshm-behesht,hotel,هتل بهشت,۱۳۷۰۰۰,(۶),۱.۷,هرمزگان,قشم,(۳ ستاره)
gheshm-eram,hotel,هتل ارم,۳۶۰۰۰۰,(۱۰),۳.۱,هرمزگان,قشم,(۴ ستاره)
qeshm-marina2,hotel,هتل مارینا ۲,۲۶۰۰۰۰,(۳),۳.۱,هرمزگان,قشم,(۳ ستاره)
gheshm-alale2,hotel,هتل آلاله۲,۲۳۰۰۰۰,(۴),۳.۶,هرمزگان,قشم,(۳ ستاره)
bandarabas-hormoz,hotel,هتل هرمز,۱۵۲۸۰۰۰,(۳۲),۳.۵,هرمزگان,بندر عباس,(۵ ستاره)
bandarabbas-apadana,hotel,هتل آپادانا,۴۹۰۰۰۰,(۱۴),۴.۲,هرمزگان,بندر عباس,(۲ ستاره)
kish-aftab-shargh,hotel,هتل آفتاب شرق,۳۱۰۰۰۰,(۲۵),۳.۱,هرمزگان,کیش,(۳ ستاره)
bandarabbas-iran,hotel,هتل ایران,۴۳۰۰۰۰,(۲۱),۳.۷,هرمزگان,بندر عباس,(۳ ستاره)
naz-bandarabas,hotel,هتل ناز ۲,۴۱۹۰۰۰,(۳),۲.۲,هرمزگان,بندر عباس,(۲ ستاره)
gheshm-rokhsar,hotel,هتل رخسار قشم,۲۵۰۰۰۰,(۲۳),۴,هرمزگان,قشم,(۳ ستاره)
gheshm-ataman,hotel,هتل آتامان قشم,۴۷۰۰۰۰,(۱۲),۴.۴,هرمزگان,قشم,(۴ ستاره)
hamedan-katibeh,hotel,"هتل کتیبه 
همدان",۴۰۰۰۰۰,(۴),۴.۴,همدان,همدان,(۴ ستاره)
hamedan-amiran2,hotel,هتل بین المللی امیران ۲,۳۷۰۰۰۰,(۲۴),۴.۲,همدان,همدان,(۴ ستاره)
hamedan-azadi,hotel,هتل پارسیان آزادی,۳۹۰۰۰۰,(۲۴),۳.۷,همدان,همدان,(۴ ستاره)
hamedan-alisadr,hotel,هتل جهانگردی علیصدر,۲۹۴۰۰۰,(۲),۲.۸,همدان,همدان,(۲ ستاره)
hamedan_amiran,hotel,هتل بین المللی امیران,۳۷۰۰۰۰,(۴۴),۳.۷,همدان,همدان,(۴ ستاره)
hamedan-babataher,hotel,هتل باباطاهر,۳۸۰۰۰۰,(۱۳),۳.۲,همدان,همدان,(۴ ستاره)
hamedan-booali,hotel,هتل بوعلی,۵۱۰۰۰۰,(۸),۳.۸,همدان,همدان,(۴ ستاره)
yazd-mozaffar,hotel,هتل سنتی مظفر,۳۵۰۰۰۰,(۱۷),۴.۱,یزد,یزد,(۳ ستاره)
yazd-tehrani,hotel,هتل تهرانی,۴۵۱۰۰۰,(۴),۱.۷,یزد,یزد,(۴ ستاره)
yazd-azadi,hotel,هتل پارسیان آزادی,۴۵۴۳۰۰,(۷),۳.۸,یزد,یزد,(۳ ستاره)
yazd-khanedohad,hotel,هتل سنتی خوان دوحد,۳۵۰۰۰۰,(۱۸),۳.۵,یزد,یزد,(۳ ستاره)
yazd-malekotojar,hotel,هتل ملک التجار,۶۰۶۰۰۰,(۴),۲.۶,یزد,یزد,(۴ ستاره)
yazd-mehr,hotel,هتل سنتی مهر,۵۷۷۰۰۰,(۱),۳.۶,یزد,یزد,(۳ ستاره)
yazd-fahadan,hotel,هتل موزه فهادان,۵۸۶۰۰۰,(۳),۲.۳,یزد,یزد,(۴ ستاره)
yazd-baghmorshed,hotel,هتل باغ مرشد,۲۳۰۰۰۰,(۳),۳.۳,یزد,یزد,(۱ ستاره)
yazd-arg,hotel,هتل ارگ,۷۰۰۰۰۰,(۷),۴.۳,یزد,یزد,(۴ ستاره)
yazd-dad,hotel,هتل داد,۷۴۰۰۰۰,(۴۱),۴,یزد,یزد,(۴ ستاره)
yazd-alzahra,hotel,هتل الزهرا,۳۱۰۰۰۰,(۷),۳.۴,یزد,یزد,(۳ ستاره)
yazd-zanbagh,hotel,هتل زنبق,۵۷۲۰۰۰,(۱۰),۴.۱,یزد,یزد,(۴ ستاره)
yazd-fazeli,hotel,هتل فاضلی,۳۳۰۰۰۰,(۱۷),۴,یزد,یزد,(۳ ستاره)
yazd-hooman,hotel,هتل سنتی هومان,۴۱۰۰۰۰,(۳),۵,یزد,یزد,(۳ ستاره)
yazd-moshirolmamalek,hotel,هتل باغ مشیر الممالک,۶۵۰۰۰۰,(۱۵),۴.۲,یزد,یزد,(۴ ستاره)
firoozeh-yazd,hotel,هتل فیروزه,۲۲۰۰۰۰,(۴۰),۴.۷,یزد,یزد,(۳ ستاره)
yazd-laleh,hotel,هتل لاله,۴۴۰۰۰۰,(۴),۴,یزد,یزد,(۳ ستاره)
yazd-labekhandagh,hotel,هتل تاریخی لب خندق,۵۵۷۰۰۰,(۲),۳.۸,یزد,یزد,(۳ ستاره)
yazd-safaiyeh,hotel,هتل پارسیان صفائیه,۴۰۰۰۰۰,(۲۹),۴.۲,یزد,یزد,(۵ ستاره)
